SUBZONE_C,SUBZONE_N,PLN_AREA_N,TOTAL_POPULATION,% POPULATION,CHILDREN_0_9,% CHILDREN,ADOLESCENT_10_19,% ADOLESCENT,ADULT_20_34,,SENIOR_35_59,,ELDERLY_60_ABOVE,,X_COORDINATE,Y_COORDINATE,SHAPE_Leng,SHAPE_Area
AMSZ01,ANG MO KIO TOWN CENTRE,ANG MO KIO,4990,100,510,10.22,610,12.22,910,18.24,1980,39.68,980,19.64,29501.7659,39419.4049,2642.208777,316882.0172
AMSZ02,CHENG SAN,ANG MO KIO,29070,100,2380,8.19,2520,8.67,5530,19.02,11460,39.42,7180,24.70,30312.1923,39413.3478,4218.958062,955710.1887
AMSZ03,CHONG BOON,ANG MO KIO,27140,100,1820,6.71,2460,9.06,5000,18.42,10340,38.10,7520,27.71,30485.5109,38478.993,4710.53873,1078622.324
AMSZ04,TOWNSVILLE,ANG MO KIO,23290,100,2140,9.19,1880,8.07,4240,18.21,8810,37.83,6220,26.71,29686.468,38599.4995,3313.317413,546403.8635
AMSZ05,SHANGRI-LA,ANG MO KIO,17620,100,1380,7.83,1690,9.59,3270,18.56,6740,38.25,4540,25.77,28564.7156,38888.9209,4019.229526,687930.097
AMSZ06,KEBUN BAHRU,ANG MO KIO,23300,100,1570,6.74,2260,9.70,4240,18.20,9010,38.67,6220,26.70,28700.1674,39496.5061,4288.194231,1046417
AMSZ07,SEMBAWANG HILLS,ANG MO KIO,6900,100,560,8.12,980,14.20,1340,19.42,2440,35.36,1580,22.90,27715.9236,39634.529,4326.111274,894516.0758
AMSZ08,TAGORE,ANG MO KIO,8360,100,680,8.13,1000,11.96,1840,22.01,3080,36.84,1760,21.05,27445.7713,40971.4244,8162.600174,3334192.442
AMSZ09,YIO CHU KANG WEST,ANG MO KIO,26300,100,2210,8.40,2950,11.22,5010,19.05,10260,39.01,5870,22.32,28750.4979,40360.6262,3707.005727,846137.1973
AMSZ10,YIO CHU KANG,ANG MO KIO,0,0,0,0,0,0,0,0,0,0,0,0,29443.7447,40836.0207,4533.218364,909418.5677
AMSZ11,YIO CHU KANG NORTH,ANG MO KIO,0,0,0,0,0,0,0,0,0,0,0,0,29505.9877,41733.4401,6445.242982,1463278.179
AMSZ12,YIO CHU KANG EAST,ANG MO KIO,4040,100,300,7.43,510,12.62,870,21.53,1470,36.39,890,22.03,30234.3682,40602.6508,5592.191081,1861872.042
BDSZ01,KAKI BUKIT,BEDOK,40090,100,2990,7.46,4430,11.05,9290,23.17,14990,37.39,8390,20.93,36485.3951,35307.0408,8153.888135,2820171.679
BDSZ02,BEDOK RESERVOIR,BEDOK,26050,100,2660,10.21,3130,12.02,5330,20.46,10380,39.85,4550,17.47,38351.1166,35800.6076,6899.5259,2379331.529
BDSZ03,KEMBANGAN,BEDOK,38980,100,2980,7.64,3760,9.65,8400,21.55,14320,36.74,9520,24.42,37158.7015,34115.9683,6785.111707,2387277.532
BDSZ04,BEDOK NORTH,BEDOK,84410,100,6620,7.84,8610,10.20,16420,19.45,32560,38.57,20200,23.93,39429.2104,34737.6194,8414.962102,3203663.493
BDSZ05,FRANKEL,BEDOK,33730,100,3610,10.70,3770,11.18,5870,17.40,13370,39.64,7110,21.08,37694.5519,33007.2679,8750.386291,4297140.714
BDSZ06,BEDOK SOUTH,BEDOK,49860,100,4070,8.16,5190,10.41,9740,19.53,18410,36.92,12450,24.97,40379.4208,33744.2238,7811.589025,2997307.459
BDSZ07,SIGLAP,BEDOK,6780,100,450,6.64,640,9.44,1220,17.99,2500,36.87,1970,29.06,38435.4679,32101.8812,5436.890533,1097833.703
BDSZ08,BAYSHORE,BEDOK,7390,100,910,12.31,860,11.64,1080,14.61,3410,46.14,1130,15.29,40835.377,32903.5965,8698.596958,2550461.673
BKSZ01,GOMBAK,BUKIT BATOK,9940,100,1190,11.97,1060,10.66,1950,19.62,3890,39.13,1850,18.61,19560.7028,39034.544,7921.557211,2459098.265
BKSZ02,HONG KAH NORTH,BUKIT BATOK,27880,100,2270,8.14,3200,11.48,6300,22.60,11160,40.03,4950,17.75,18505.4653,38307.4684,3842.99403,859179.1801
BKSZ03,BRICKWORKS,BUKIT BATOK,0,0,0,0,0,0,0,0,0,0,0,0,17861.6364,37527.3344,4392.362215,1225673.649
BKSZ04,GUILIN,BUKIT BATOK,13320,100,1170,8.78,1600,12.01,2720,20.42,5530,41.52,2300,17.27,19151.8276,37505.9793,5564.333231,1085080.083
BKSZ05,HILLVIEW,BUKIT BATOK,18300,100,1420,7.76,2650,14.48,3620,19.78,7590,41.48,3020,16.50,20276.6529,37526.4582,6673.934004,1990788.397
BKSZ06,BUKIT BATOK WEST,BUKIT BATOK,14930,100,1270,8.51,1740,11.65,3160,21.17,5870,39.32,2890,19.36,17865.8838,36623.2134,3414.799428,526383.3528
BKSZ07,BUKIT BATOK CENTRAL,BUKIT BATOK,25720,100,2220,8.63,2930,11.39,5580,21.70,9970,38.76,5020,19.52,18773.5578,36680.0524,3782.826959,800298.5645
BKSZ08,BUKIT BATOK EAST,BUKIT BATOK,14270,100,1050,7.36,1510,10.58,3130,21.93,5690,39.87,2890,20.25,19566.3613,36806.3015,2619.552372,380201.8028
BKSZ09,BUKIT BATOK SOUTH,BUKIT BATOK,13740,100,1100,8.01,1860,13.54,3270,23.80,5500,40.03,2010,14.63,19631.873,35910.9635,6998.805924,1806553.076
BLSZ01,TUKANG,BOON LAY,0,0,0,0,0,0,0,0,0,0,0,0,14192.4654,34209.5506,6899.999456,1881305.829
BLSZ02,LIU FANG,BOON LAY,0,0,0,0,0,0,0,0,0,0,0,0,14079.1004,33391.5623,7135.442501,2338909.489
BLSZ03,SAMULUN,BOON LAY,0,0,0,0,0,0,0,0,0,0,0,0,13418.4922,32264.5933,8738.679385,1940693.424
BLSZ04,SHIPYARD,BOON LAY,0,0,0,0,0,0,0,0,0,0,0,0,11970.1428,32202.3854,6422.042112,2118499.409
BMSZ01,MARITIME SQUARE,BUKIT MERAH,2650,100,370,13.96,240,9.06,400,15.09,1320,49.81,320,12.08,25805.7867,27911.4193,13737.11618,2701634.34
BMSZ02,BUKIT MERAH,BUKIT MERAH,1160,100,90,7.76,120,10.34,210,18.10,420,36.21,320,27.59,26360.799,29384.1429,3074.963235,411722.8226
BMSZ03,REDHILL,BUKIT MERAH,12090,100,1500,12.41,1060,8.77,2020,16.71,4920,40.69,2590,21.42,26201.958,30005.7035,2825.594099,387429.44
BMSZ04,TIONG BAHRU STATION,BUKIT MERAH,16350,100,1840,11.25,1540,9.42,2990,18.29,6420,39.27,3560,21.77,27277.4698,29607.0237,2506.687919,350787.5614
BMSZ05,SINGAPORE GENERAL HOSPITAL,BUKIT MERAH,0,0,0,0,0,0,0,0,0,0,0,0,28147.221,29131.0368,2915.282048,533017.3907
BMSZ06,ALEXANDRA NORTH,BUKIT MERAH,1030,100,130,12.62,110,10.68,190,18.45,490,47.57,110,10.68,26548.2507,30519.3922,2907.051461,293706.3988
BMSZ07,ALEXANDRA HILL,BUKIT MERAH,15370,100,1190,7.74,1530,9.95,2900,18.87,5460,35.52,4290,27.91,25358.8208,29991.3842,4428.913436,1030378.786
BMSZ08,HENDERSON HILL,BUKIT MERAH,12260,100,1020,8.32,1130,9.22,2140,17.46,4430,36.13,3540,28.87,26782.8261,29933.7651,3313.624904,595428.886
BMSZ09,BUKIT HO SWEE,BUKIT MERAH,16060,100,1400,8.72,1200,7.47,2930,18.24,5890,36.67,4640,28.89,27680.0627,30230.861,3275.312488,551732.0495
BMSZ10,TIONG BAHRU,BUKIT MERAH,12830,100,1420,11.07,910,7.09,2400,18.71,4880,38.04,3220,25.10,27785.672,29590.3951,3303.2149,448127.5844
BMSZ11,KAMPONG TIONG BAHRU,BUKIT MERAH,10280,100,750,7.30,870,8.46,1750,17.02,3770,36.67,3140,30.54,27335.8305,28979.7731,3304.060465,365333.4262
BMSZ12,DEPOT ROAD,BUKIT MERAH,5360,100,630,11.75,500,9.33,880,16.42,2260,42.16,1090,20.34,25244.2071,29407.094,4281.172681,442502.8276
BMSZ13,TELOK BLANGAH DRIVE,BUKIT MERAH,16040,100,1360,8.48,1420,8.85,2760,17.21,6210,38.72,4290,26.75,25280.2612,28791.4606,5317.781684,1454827.646
BMSZ14,TELOK BLANGAH WAY,BUKIT MERAH,10490,100,910,8.67,840,8.01,1610,15.35,4160,39.66,2970,28.31,26570.5173,28871.8922,2290.227262,276826.8125
BMSZ15,TELOK BLANGAH RISE,BUKIT MERAH,13540,100,920,6.79,1170,8.64,2400,17.73,4940,36.48,4110,30.35,27029.9638,28501.6649,3713.838181,533671.2531
BMSZ16,EVERTON PARK,BUKIT MERAH,9080,100,790,8.70,780,8.59,1600,17.62,3450,38.00,2460,27.09,28333.5771,28602.9926,3776.683388,635704.0567
BMSZ17,CITY TERMINALS,BUKIT MERAH,0,0,0,0,0,0,0,0,0,0,0,0,28387.3388,27536.5671,16805.6555,3449640.607
BPSZ01,SENJA,BUKIT PANJANG,20940,100,3130,14.95,2660,12.70,4620,22.06,7920,37.82,2610,12.46,19897.9466,40895.3637,3836.254229,624877.5001
BPSZ02,SAUJANA,BUKIT PANJANG,26430,100,3340,12.64,3310,12.52,6640,25.12,9840,37.23,3300,12.49,20536.7145,40906.6531,3686.690567,674992.0009
BPSZ03,FAJAR,BUKIT PANJANG,28570,100,3720,13.02,3370,11.80,7050,24.68,10490,36.72,3940,13.79,21080.9573,40748.0926,3800.608941,668454.4393
BPSZ04,BANGKIT,BUKIT PANJANG,23190,100,1640,7.07,2640,11.38,5290,22.81,9070,39.11,4550,19.62,21431.2286,39899.5272,4350.135722,763183.4294
BPSZ05,JELEBU,BUKIT PANJANG,32690,100,2550,7.80,4230,12.94,7180,21.96,13040,39.89,5690,17.41,20535.3901,39769.4445,3992.426031,911208.285
BPSZ06,DAIRY FARM,BUKIT PANJANG,5790,100,570,9.84,790,13.64,1190,20.55,2350,40.59,890,15.37,21181.12,38939.8375,4814.195375,1235901.752
BPSZ07,NATURE RESERVE,BUKIT PANJANG,3860,100,390,10.10,540,13.99,740,19.17,1600,41.45,590,15.28,21822.6273,37285.2615,9051.909119,4141322.431
BSSZ01,UPPER THOMSON,BISHAN,30180,100,2320,7.69,3310,10.97,5740,19.02,11300,37.44,7510,24.88,27884.6872,37749.3937,10082.0753,3860324.994
BSSZ02,MARYMOUNT,BISHAN,31000,100,2860,9.23,3700,11.94,6740,21.74,12180,39.29,5520,17.81,29287.5853,37383.764,6383.479273,1964134.532
BSSZ03,BISHAN EAST,BISHAN,28920,100,2270,7.85,2850,9.85,6350,21.96,10840,37.48,6610,22.86,30191.9092,36882.1939,5680.719402,1794461.262
BTSZ01,ANAK BUKIT,BUKIT TIMAH,21990,100,1830,8.32,2740,12.46,4540,20.65,8080,36.74,4800,21.83,21127.1918,35561.884,7637.809479,2768353.557
BTSZ02,SWISS CLUB,BUKIT TIMAH,5650,100,580,10.27,750,13.27,1020,18.05,2110,37.35,1190,21.06,23436.2688,35866.3679,8976.744053,3467036.985
BTSZ03,HOLLAND ROAD,BUKIT TIMAH,10280,100,1210,11.77,1480,14.40,1600,15.56,4170,40.56,1820,17.70,22485.0193,34364.2896,8185.197323,3392897.364
BTSZ04,ULU PANDAN,BUKIT TIMAH,10630,100,1040,9.78,1280,12.04,1870,17.59,3990,37.54,2450,23.05,22210.5093,33177.2208,6626.667183,1228487.734
BTSZ05,HILLCREST,BUKIT TIMAH,8930,100,1080,12.09,1210,13.55,1290,14.45,3660,40.99,1690,18.92,25207.8426,35039.2942,7428.700261,2636483.259
BTSZ06,CORONATION ROAD,BUKIT TIMAH,6250,100,780,12.48,780,12.48,990,15.84,2350,37.60,1350,21.60,24463.149,34200.3339,5905.904193,1425083.177
BTSZ07,LEEDON PARK,BUKIT TIMAH,6370,100,660,10.36,730,11.46,1070,16.80,2560,40.19,1350,21.19,23947.764,33247.6811,7565.170053,2049551.25
BTSZ08,FARRER COURT,BUKIT TIMAH,5580,100,730,13.08,630,11.29,880,15.77,2250,40.32,1090,19.53,24862.8217,33234.7951,4192.289528,558760.5316
CBSZ01,CHANGI BAY,CHANGI BAY,0,0,0,0,0,0,0,0,0,0,0,0,49502.4866,34316.5442,18731.55997,1829821.69
CCSZ01,CENTRAL WATER CATCHMENT,CENTRAL WATER CATCHMENT,0,0,0,0,0,0,0,0,0,0,0,0,24424.4183,39849.0456,30538.24618,37147854.46
CHSZ01,CHANGI POINT,CHANGI,790,100,50,6.33,80,10.13,110,13.92,310,39.24,240,30.38,44603.6326,41360.4186,4897.482363,995944.7654
CHSZ02,CHANGI WEST,CHANGI,1680,100,350,20.83,290,17.26,290,17.26,660,39.29,90,5.36,44092.338,38928.6585,14918.10822,4848516.74
CHSZ03,CHANGI AIRPORT,CHANGI,0,0,0,0,0,0,0,0,0,0,0,0,46661.849,36599.8158,28163.22827,35096028.59
CKSZ01,TECK WHYE,CHOA CHU KANG,26620,100,2060,7.74,3210,12.06,6260,23.52,10110,37.98,4980,18.71,19269.9942,40394.105,4531.981456,1001591.786
CKSZ02,KEAT HONG,CHOA CHU KANG,19220,100,1970,10.25,2610,13.58,4880,25.39,7440,38.71,2320,12.07,18333.674,39720.6197,4680.783291,1143813.675
CKSZ03,CHOA CHU KANG CENTRAL,CHOA CHU KANG,21870,100,2000,9.14,3040,13.90,4910,22.45,8980,41.06,2940,13.44,18465.672,40772.9207,4202.496608,1097298.799
CKSZ04,PENG SIANG,CHOA CHU KANG,34340,100,3460,10.08,4350,12.67,8560,24.93,13110,38.18,4860,14.15,17462.292,40146.4113,4555.057953,862737.0908
CKSZ05,CHOA CHU KANG NORTH,CHOA CHU KANG,34000,100,2690,7.91,5880,17.29,7610,22.38,13790,40.56,4030,11.85,18347.5682,41593.7648,4552.314746,1088638.014
CKSZ06,YEW TEE,CHOA CHU KANG,43150,100,4690,10.87,6280,14.55,8820,20.44,18290,42.39,5070,11.75,18498.1139,42506.0743,3715.39423,923214.7487
CLSZ01,TOH TUCK,CLEMENTI,0,0,0,0,0,0,0,0,0,0,0,0,19433.1204,34884.2481,6119.883497,2077796.547
CLSZ02,SUNSET WAY,CLEMENTI,6180,100,460,7.44,650,10.52,1190,19.26,2270,36.73,1610,26.05,20805.3131,34279.4521,4572.130496,964682.6793
CLSZ03,FABER,CLEMENTI,4330,100,450,10.39,580,13.39,830,19.17,1660,38.34,810,18.71,19489.6559,33800.8662,4665.755981,948158.9135
CLSZ04,CLEMENTI NORTH,CLEMENTI,29100,100,2310,7.94,2470,8.49,5370,18.45,10900,37.46,8050,27.66,20613.245,33368.8225,4251.445365,991039.7807
CLSZ05,WEST COAST,CLEMENTI,5970,100,810,13.57,780,13.07,920,15.41,2510,42.04,950,15.91,19293.7625,33172.6228,3644.131828,722588.6837
CLSZ06,CLEMENTI CENTRAL,CLEMENTI,13230,100,1160,8.77,1320,9.98,2310,17.46,5180,39.15,3260,24.64,20183.4496,32707.5394,3630.189223,748043.2767
CLSZ07,CLEMENTI WOODS,CLEMENTI,16360,100,1690,10.33,1590,9.72,3240,19.80,6070,37.10,3770,23.04,20764.198,31824.7421,5275.74936,1053493.747
CLSZ08,CLEMENTI WEST,CLEMENTI,16470,100,1470,8.93,1650,10.02,3000,18.21,6550,39.77,3800,23.07,20184.3508,31651.8834,5211.867528,697501.7143
CLSZ09,PANDAN,CLEMENTI,0,0,0,0,0,0,0,0,0,0,0,0,19228.6033,32265.401,5689.646944,1312922.681
DTSZ01,BUGIS,DOWNTOWN CORE,2220,100,110,4.95,140,6.31,360,16.22,830,37.39,780,35.14,30528.3347,31278.4644,2658.881648,280174.7667
DTSZ02,CITY HALL,DOWNTOWN CORE,0,0,0,0,0,0,0,0,0,0,0,0,30209.0736,30536.5079,4544.169847,710568.7029
DTSZ03,MARINA CENTRE,DOWNTOWN CORE,0,0,0,0,0,0,0,0,0,0,0,0,30938.0985,30471.8267,4047.111169,886954.8092
DTSZ04,PHILLIP,DOWNTOWN CORE,0,0,0,0,0,0,0,0,0,0,0,0,29706.7242,29744.9079,871.5548878,39437.93527
DTSZ05,RAFFLES PLACE,DOWNTOWN CORE,0,0,0,0,0,0,0,0,0,0,0,0,29968.6175,29572.7618,1872.752161,188767.4897
DTSZ06,CLIFFORD PIER,DOWNTOWN CORE,0,0,0,0,0,0,0,0,0,0,0,0,30379.5041,29776.4334,2405.990925,261843.8968
DTSZ07,MAXWELL,DOWNTOWN CORE,0,0,0,0,0,0,0,0,0,0,0,0,29392.0478,29096.7539,1419.801857,63664.96677
DTSZ08,CECIL,DOWNTOWN CORE,180,100,20,11.11,0,0.00,50,27.78,100,55.56,10,5.56,29730.1983,29011.3284,2116.094667,196619.8632
DTSZ09,TANJONG PAGAR,DOWNTOWN CORE,560,100,30,5.36,20,3.57,130,23.21,270,48.21,110,19.64,29397.831,28706.3515,1787.710451,145518.6639
DTSZ10,ANSON,DOWNTOWN CORE,0,0,0,0,0,0,0,0,0,0,0,0,29145.35,28466.7783,1586.100059,103238.4821
DTSZ11,CENTRAL SUBZONE,DOWNTOWN CORE,550,100,40,7.27,40,7.27,110,20.00,310,56.36,50,9.09,30125.8367,28683.0399,5002.016151,1070723.256
DTSZ12,BAYFRONT SUBZONE,DOWNTOWN CORE,0,0,0,0,0,0,0,0,0,0,0,0,30806.2418,29530.167,2897.126426,521200.5224
GLSZ01,KALLANG WAY,GEYLANG,0,0,0,0,0,0,0,0,0,0,0,0,32761.4923,34229.7192,4055.202723,963198.8794
GLSZ02,MACPHERSON,GEYLANG,29180,100,2300,7.88,2880,9.87,5860,20.08,11080,37.97,7060,24.19,33774.3483,34399.1614,4585.78818,1263409.404
GLSZ03,KAMPONG UBI,GEYLANG,12900,100,1000,7.75,1390,10.78,3180,24.65,4920,38.14,2410,18.68,35039.5495,34647.2633,5573.532918,1878092.478
GLSZ04,ALJUNIED,GEYLANG,41050,100,3270,7.97,3760,9.16,8000,19.49,16290,39.68,9730,23.70,33592.5759,32970.8301,7100.699079,2959367.625
GLSZ05,GEYLANG EAST,GEYLANG,32740,100,3030,9.25,3080,9.41,6530,19.95,12450,38.03,7650,23.37,35237.1681,33246.0587,7028.340071,2579087.17
HGSZ01,HOUGANG CENTRAL,HOUGANG,4730,100,310,6.55,600,12.68,1050,22.20,1820,38.48,950,20.08,34470.7005,39076.5963,2759.815466,441733.4402
HGSZ02,KANGKAR,HOUGANG,28780,100,2650,9.21,3180,11.05,6160,21.40,11170,38.81,5620,19.53,35222.4409,39071.3399,5617.430811,1007410.002
HGSZ03,HOUGANG EAST,HOUGANG,22740,100,2080,9.15,2260,9.94,6020,26.47,8520,37.47,3860,16.97,35128.0008,39812.3857,3960.446862,842667.6261
HGSZ04,HOUGANG WEST,HOUGANG,48560,100,3230,6.65,4900,10.09,11470,23.62,18960,39.04,10000,20.59,33849.2205,39506.8724,6424.482139,1328876.198
HGSZ05,TRAFALGAR,HOUGANG,44080,100,4100,9.30,5670,12.86,8910,20.21,17940,40.70,7460,16.92,33351.5218,40336.7975,6199.267491,1744387.407
HGSZ06,KOVAN,HOUGANG,26070,100,2200,8.44,3090,11.85,5550,21.29,9920,38.05,5310,20.37,33270.7913,38331.4768,5644.28775,1948613.205
HGSZ07,LORONG AH SOO,HOUGANG,33440,100,2430,7.27,3560,10.65,6640,19.86,12860,38.46,7950,23.77,33930.3169,37657.026,5438.211022,1515533.891
HGSZ08,TAI SENG,HOUGANG,14450,100,1190,8.24,1770,12.25,2890,20.00,5320,36.82,3280,22.70,34043.0454,36213.0116,6396.628384,1796058.935
HGSZ09,DEFU INDUSTRIAL PARK,HOUGANG,0,0,0,0,0,0,0,0,0,0,0,0,34951.3961,37089.433,8517.596169,1974371.712
HGSZ10,LORONG HALUS,HOUGANG,0,0,0,0,0,0,0,0,0,0,0,0,35870.2568,39071.4384,5788.960001,1333532.986
JESZ01,YUHUA WEST,JURONG EAST,20670,100,1670,8.08,2330,11.27,4480,21.67,7810,37.78,4380,21.19,16721.2525,36571.2646,3817.521072,776142.4925
JESZ02,YUHUA EAST,JURONG EAST,26990,100,1990,7.37,2790,10.34,5690,21.08,10320,38.24,6200,22.97,17485.1754,35841.78,4018.421017,924762.4774
JESZ03,TOH GUAN,JURONG EAST,16180,100,1360,8.41,1970,12.18,3690,22.81,6440,39.80,2720,16.81,18294.1774,35518.17,4462.314412,746882.3023
JESZ04,LAKESIDE,JURONG EAST,970,100,60,6.19,60,6.19,210,21.65,350,36.08,290,29.90,16697.0118,35114.9062,8828.63383,3108023.274
JESZ05,JURONG GATEWAY,JURONG EAST,0,0,0,0,0,0,0,0,0,0,0,0,17912.9778,35033.9061,3096.98411,554623.6757
JESZ06,INTERNATIONAL BUSINESS PARK,JURONG EAST,0,0,0,0,0,0,0,0,0,0,0,0,18514.5995,34285.7972,3024.275837,485022.3064
JESZ07,JURONG RIVER,JURONG EAST,0,0,0,0,0,0,0,0,0,0,0,0,16367.556,33519.9926,6612.903231,2560995.937
JESZ08,TEBAN GARDENS,JURONG EAST,19820,100,1980,9.99,2030,10.24,4120,20.79,7280,36.73,4410,22.25,17965.7225,33016.3403,8204.29735,3187584.075
JESZ09,JURONG PORT,JURONG EAST,0,0,0,0,0,0,0,0,0,0,0,0,15250.7433,32183.916,11355.00222,2464856.701
JESZ10,PENJURU CRESCENT,JURONG EAST,0,0,0,0,0,0,0,0,0,0,0,0,17651.309,31799.6102,9876.049092,3049720.082
JWSZ01,WENYA,JURONG WEST,8610,100,1440,16.72,1020,11.85,1720,19.98,3520,40.88,910,10.57,13953.5271,37532.7209,5864.592818,1974943.245
JWSZ02,BOON LAY PLACE,JURONG WEST,31040,100,3710,11.95,3680,11.86,6940,22.36,11720,37.76,4990,16.08,14403.7788,36444.6275,3708.366281,906317.3907
JWSZ03,HONG KAH,JURONG WEST,55900,100,4530,8.10,6470,11.57,11870,21.23,21510,38.48,11520,20.61,15507.9346,36890.281,5589.784561,1793463.631
JWSZ04,TAMAN JURONG,JURONG WEST,37290,100,4000,10.73,4800,12.87,8180,21.94,14560,39.05,5750,15.42,15522.0362,35189.1395,6583.694096,1484296.473
JWSZ05,CHIN BEE,JURONG WEST,0,0,0,0,0,0,0,0,0,0,0,0,14631.8059,35240.9703,4899.033957,1287949.825
JWSZ06,KIAN TECK,JURONG WEST,0,0,0,0,0,0,0,0,0,0,0,0,12929.7451,34857.7532,8830.555258,2098176.496
JWSZ07,SAFTI,JURONG WEST,0,0,0,0,0,0,0,0,0,0,0,0,11290.2674,35199.6704,5137.717772,1524551.335
JWSZ08,YUNNAN,JURONG WEST,70140,100,6090,8.68,9530,13.59,16510,23.54,27780,39.61,10230,14.59,12593.1412,36299.9335,7192.208675,2206305.009
JWSZ09,JURONG WEST CENTRAL,JURONG WEST,67430,100,8550,12.68,8330,12.35,14430,21.40,27790,41.21,8330,12.35,13396.6261,35811.7261,4649.79715,1404536.643
KLSZ01,BENDEMEER,KALLANG,33820,100,3110,9.20,2840,8.40,6480,19.16,13210,39.06,8180,24.19,31175.9571,33827.9445,5603.000911,1376830.045
KLSZ02,GEYLANG BAHRU,KALLANG,12650,100,870,6.88,1250,9.88,2160,17.08,5090,40.24,3280,25.93,32110.0626,33765.6746,3745.034017,735502.2264
KLSZ03,BOON KENG,KALLANG,10810,100,870,8.05,960,8.88,2070,19.15,4190,38.76,2720,25.16,32338.3212,33018.7607,2972.111045,410994.5447
KLSZ04,KAMPONG BUGIS,KALLANG,870,100,50,5.75,70,8.05,220,25.29,310,35.63,220,25.29,32138.2216,32275.6907,4018.127622,741437.9922
KLSZ05,TANJONG RHU,KALLANG,11250,100,1220,10.84,1240,11.02,1780,15.82,5030,44.71,1980,17.60,32740.1208,31438.3084,6515.758575,2434594.029
KLSZ06,LAVENDER,KALLANG,10230,100,880,8.60,940,9.19,1850,18.08,4090,39.98,2470,24.14,30874.4064,32569.5264,3609.150463,757907.6111
KLSZ07,KAMPONG JAVA,KALLANG,11100,100,920,8.29,1030,9.28,1980,17.84,4360,39.28,2810,25.32,29891.5311,32888.5297,4344.612171,1022292.301
KLSZ08,KALLANG BAHRU,KALLANG,0,0,0,0,0,0,0,0,0,0,0,0,31579.2889,32929.5276,3710.904602,839488.9772
KLSZ09,CRAWFORD,KALLANG,9620,100,590,6.13,680,7.07,1420,14.76,3530,36.69,3400,35.34,31396.8906,31457.287,4634.784296,850853.9138
LKSZ01,LIM CHU KANG,LIM CHU KANG,0,0,0,0,0,0,0,0,0,0,0,0,15309.8168,45819.0414,18733.83625,17494884.18
MDSZ01,MANDAI WEST,MANDAI,0,0,0,0,0,0,0,0,0,0,0,0,22549.0736,44455.8474,9630.62719,4387133.117
MDSZ02,MANDAI EAST,MANDAI,0,0,0,0,0,0,0,0,0,0,0,0,25739.2736,45391.7648,11572.52954,7235809.441
MDSZ03,MANDAI ESTATE,MANDAI,2160,100,210,9.72,320,14.81,440,20.37,850,39.35,340,15.74,27082.698,45367.4603,1633.708416,143137.9411
MESZ01,MARINA EAST,MARINA EAST,0,0,0,0,0,0,0,0,0,0,0,0,32344.0489,30103.2495,6470.949643,1844060.675
MPSZ01,MOUNTBATTEN,MARINE PARADE,10360,100,1050,10.14,1240,11.97,1870,18.05,4110,39.67,2090,20.17,34449.7044,31557.7446,5430.267061,1713623.005
MPSZ02,KATONG,MARINE PARADE,9510,100,930,9.78,1030,10.83,1690,17.77,3890,40.90,1970,20.72,35680.9007,32176.3506,5062.814851,1078992.025
MPSZ03,MARINE PARADE,MARINE PARADE,28460,100,2810,9.87,2920,10.26,4420,15.53,10970,38.55,7340,25.79,36263.9827,31684.2656,6019.279096,1160017.478
MPSZ04,EAST COAST,MARINE PARADE,0,0,0,0,0,0,0,0,0,0,0,0,36386.5261,31338.9016,5333.008671,591778.9997
MPSZ05,MARINA EAST (MP),MARINE PARADE,0,0,0,0,0,0,0,0,0,0,0,0,33715.6975,30512.2476,6657.151393,1590339.796
MSSZ01,MARINA SOUTH,MARINA SOUTH,0,0,0,0,0,0,0,0,0,0,0,0,31595.8357,29220.1873,5267.381024,1630379.268
MUSZ01,DHOBY GHAUT,MUSEUM,210,100,20,9.52,0,0.00,50,23.81,120,57.14,20,9.52,29320.0735,31245.7483,2584.78831,221973.3418
MUSZ02,FORT CANNING,MUSEUM,160,100,20,12.50,20,12.50,10,6.25,80,50.00,30,18.75,29413.9718,30713.0723,2585.229404,385093.1134
MUSZ03,BRAS BASAH,MUSEUM,0,0,0,0,0,0,0,0,0,0,0,0,29793.0931,30958.0952,2348.657173,223206.6032
NESZ01,NORTH-EASTERN ISLANDS,NORTH-EASTERN ISLANDS,0,0,0,0,0,0,0,0,0,0,0,0,50424.7923,42612.8784,62436.23535,67250562.96
NTSZ01,ORANGE GROVE,NEWTON,1460,100,160,10.96,110,7.53,200,13.70,630,43.15,360,24.66,27668.1841,32484.764,2476.246298,336221.4941
NTSZ02,GOODWOOD PARK,NEWTON,1010,100,140,13.86,120,11.88,150,14.85,440,43.56,160,15.84,28108.8807,32875.267,2798.598501,351242.2536
NTSZ03,NEWTON CIRCUS,NEWTON,230,100,40,17.39,20,8.70,30,13.04,110,47.83,30,13.04,28587.1626,32653.9428,2399.4073,213581.642
NTSZ04,CAIRNHILL,NEWTON,3450,100,410,11.88,340,9.86,550,15.94,1490,43.19,660,19.13,28482.6672,32108.1919,3853.900423,452471.8318
NTSZ05,MONK'S HILL,NEWTON,990,100,100,10.10,120,12.12,150,15.15,430,43.43,190,19.19,28922.8456,32259.7856,2446.733416,171720.6207
NTSZ06,ISTANA NEGARA,NEWTON,0,0,0,0,0,0,0,0,0,0,0,0,29226.8284,31963.2894,3730.341054,543483.681
NVSZ01,BALESTIER,NOVENA,31860,100,2880,9.04,3030,9.51,5700,17.89,12740,39.99,7510,23.57,29975.2639,34194.0676,6804.341011,1926622.002
NVSZ02,MOULMEIN,NOVENA,8580,100,1340,15.62,920,10.72,1280,14.92,3740,43.59,1300,15.15,29057.4415,33323.9221,5388.741938,1347456.011
NVSZ03,MALCOLM,NOVENA,2630,100,310,11.79,320,12.17,370,14.07,1030,39.16,600,22.81,28070.2584,33930.2568,5346.80972,1321089.881
NVSZ04,DUNEARN,NOVENA,3940,100,380,9.64,540,13.71,620,15.74,1470,37.31,930,23.60,26525.5278,34268.8547,4827.408264,1229894.417
NVSZ05,MOUNT PLEASANT,NOVENA,690,100,50,7.25,80,11.59,160,23.19,230,33.33,170,24.64,27515.3125,35112.6183,7234.110745,3142950.108
ORSZ01,TANGLIN,ORCHARD,440,100,50,11.36,40,9.09,60,13.64,190,43.18,100,22.73,27162.8757,31905.7324,1864.488665,167537.0654
ORSZ02,BOULEVARD,ORCHARD,430,100,30,6.98,30,6.98,70,16.28,180,41.86,120,27.91,27916.9271,31967.0064,4109.23135,460550.4298
ORSZ03,SOMERSET,ORCHARD,0,0,0,0,0,0,0,0,0,0,0,0,28626.5611,31494.9048,3039.805232,329437.9332
OTSZ01,PEARL'S HILL,OUTRAM,8050,100,580,7.20,580,7.20,1190,14.78,2810,34.91,2890,35.90,28679.0634,29782.0519,3506.107376,559816.2454
OTSZ02,PEOPLE'S PARK,OUTRAM,340,100,10,2.94,10,2.94,90,26.47,140,41.18,90,26.47,28831.7807,29419.6457,1822.192718,93140.43764
OTSZ03,CHINATOWN,OUTRAM,11550,100,1580,13.68,760,6.58,1850,16.02,4740,41.04,2620,22.68,29153.9676,29158.0443,4297.59991,587222.6789
OTSZ04,CHINA SQUARE,OUTRAM,1540,100,60,3.90,80,5.19,260,16.88,570,37.01,570,37.01,29509.6437,29646.4495,1605.279697,133006.936
PGSZ01,NORTHSHORE,PUNGGOL,320,100,30,9.38,50,15.63,60,18.75,120,37.50,60,18.75,36169.5574,44222.7655,5355.637118,1360000.631
PGSZ02,PUNGGOL TOWN CENTRE,PUNGGOL,11630,100,2840,24.42,750,6.45,3540,30.44,3750,32.24,750,6.45,35602.3777,43427.511,4896.767508,1264384.789
PGSZ03,MATILDA,PUNGGOL,37400,100,8170,21.84,3010,8.05,10000,26.74,12930,34.57,3290,8.80,35089.9853,42728.2745,5361.915964,1418284.255
PGSZ04,PUNGGOL FIELD,PUNGGOL,45210,100,6750,14.93,6140,13.58,7510,16.61,19350,42.80,5460,12.08,36673.8994,41847.0902,5229.116114,1378710.536
PGSZ05,WATERWAY EAST,PUNGGOL,35890,100,7590,21.15,3110,8.67,9260,25.80,12700,35.39,3230,9.00,37063.2238,42568.2237,5391.065107,1489246.883
PGSZ06,PUNGGOL CANAL,PUNGGOL,0,0,0,0,0,0,0,0,0,0,0,0,37408.8422,43168.5702,6279.464843,1265919.304
PGSZ07,CONEY ISLAND,PUNGGOL,0,0,0,0,0,0,0,0,0,0,0,0,37928.4976,43351.3743,5670.137057,1200804.563
PLSZ01,PAYA LEBAR NORTH,PAYA LEBAR,0,0,0,0,0,0,0,0,0,0,0,0,38291.9788,39463.3319,4812.862905,1287387.263
PLSZ02,PAYA LEBAR EAST,PAYA LEBAR,0,0,0,0,0,0,0,0,0,0,0,0,38065.4483,37522.396,7470.111952,2259239.74
PLSZ03,PAYA LEBAR WEST,PAYA LEBAR,0,0,0,0,0,0,0,0,0,0,0,0,36649.3106,39403.4873,5898.475695,609894.668
PLSZ04,AIRPORT ROAD,PAYA LEBAR,0,0,0,0,0,0,0,0,0,0,0,0,35133.3154,37075.3184,3433.884804,494504.0681
PLSZ05,PLAB,PAYA LEBAR,0,0,0,0,0,0,0,0,0,0,0,0,36691.9113,37730.7232,11966.01676,7034806.472
PNSZ01,JOO KOON,PIONEER,0,0,0,0,0,0,0,0,0,0,0,0,10883.9466,34203.6959,8601.202816,2349378.266
PNSZ02,GUL CIRCLE,PIONEER,0,0,0,0,0,0,0,0,0,0,0,0,9693.9712,33074.429,7268.450752,3260399.459
PNSZ03,BENOI SECTOR,PIONEER,0,0,0,0,0,0,0,0,0,0,0,0,11668.2441,33336.5267,6249.477068,2042630.98
PNSZ04,GUL BASIN,PIONEER,0,0,0,0,0,0,0,0,0,0,0,0,10327.4233,31746.7616,9465.222183,1769495.161
PNSZ05,PIONEER SECTOR,PIONEER,0,0,0,0,0,0,0,0,0,0,0,0,8872.7501,31423.4434,8489.982578,2796006.828
PRSZ01,PASIR RIS WAFER FAB PARK,PASIR RIS,0,0,0,0,0,0,0,0,0,0,0,0,38612.4965,41196.6819,10606.6469,5325421.575
PRSZ02,PASIR RIS WEST,PASIR RIS,35620,100,3180,8.93,5650,15.86,7580,21.28,14900,41.83,4310,12.10,39851.4092,40140.2237,5128.49489,1583440.164
PRSZ03,PASIR RIS CENTRAL,PASIR RIS,27960,100,2880,10.30,3630,12.98,6860,24.54,11060,39.56,3530,12.63,40755.9017,39341.7477,5273.239002,1511487.384
PRSZ04,PASIR RIS PARK,PASIR RIS,4860,100,640,13.17,680,13.99,910,18.72,2260,46.50,370,7.61,41529.798,40218.9437,8533.963998,1719704.595
PRSZ05,PASIR RIS DRIVE,PASIR RIS,58170,100,4640,7.98,8170,14.05,13650,23.47,22920,39.40,8790,15.11,42032.458,38988.2187,5311.060366,1639669.017
PRSZ06,LOYANG WEST,PASIR RIS,190,100,0,0.00,0,0.00,0,0.00,0,0.00,190,100.00,43294.8337,39888.7716,6203.002065,2114789.488
PRSZ07,LOYANG EAST,PASIR RIS,2200,100,150,6.82,270,12.27,470,21.36,850,38.64,460,20.91,43592.3311,38890.0948,4185.462898,970068.0722
PRSZ08,FLORA DRIVE,PASIR RIS,13950,100,1350,9.68,1880,13.48,2720,19.50,5860,42.01,2140,15.34,42801.7349,37930.5489,3956.615777,944998.4489
QTSZ01,GHIM MOH,QUEENSTOWN,11800,100,1090,9.24,1050,8.90,2150,18.22,4110,34.83,3400,28.81,22899.1897,32579.9353,3223.645504,485046.9227
QTSZ02,HOLLAND DRIVE,QUEENSTOWN,14000,100,960,6.86,1090,7.79,2300,16.43,5370,38.36,4280,30.57,23711.437,32294.7721,3420.329337,459546.2858
QTSZ03,COMMONWEALTH,QUEENSTOWN,7960,100,570,7.16,650,8.17,1420,17.84,3020,37.94,2300,28.89,24278.7709,31919.97,2713.429971,310513.6474
QTSZ04,TANGLIN HALT,QUEENSTOWN,12930,100,1080,8.35,1030,7.97,2280,17.63,5050,39.06,3490,26.99,23925.4408,31512.7857,3556.229094,503220.7514
QTSZ05,MARGARET DRIVE,QUEENSTOWN,13670,100,2060,15.07,1050,7.68,3100,22.68,5010,36.65,2450,17.92,25202.7614,31065.9731,5969.645039,1026467.393
QTSZ06,MEI CHIN,QUEENSTOWN,16440,100,1260,7.66,1720,10.46,3100,18.86,6260,38.08,4100,24.94,24651.0693,30651.134,3580.442857,748683.9959
QTSZ07,QUEENSWAY,QUEENSTOWN,280,100,10,3.57,20,7.14,60,21.43,120,42.86,70,25.00,24168.3106,30104.1768,3454.239283,631644.2893
QTSZ08,ONE NORTH,QUEENSTOWN,590,100,90,15.25,50,8.47,90,15.25,310,52.54,50,8.47,23299.2437,31176.1605,6591.907914,2051652.622
QTSZ09,SINGAPORE POLYTECHNIC,QUEENSTOWN,180,100,40,22.22,20,11.11,30,16.67,80,44.44,10,5.56,21751.751,32627.8947,4666.970068,946651.4186
QTSZ10,DOVER,QUEENSTOWN,12620,100,1340,10.62,1410,11.17,2300,18.23,4910,38.91,2660,21.08,22015.5324,31800.5247,5637.722008,1386643.316
QTSZ11,NATIONAL UNIVERSITY OF S'PORE,QUEENSTOWN,310,100,30,9.68,20,6.45,180,58.06,70,22.58,10,3.23,21688.9243,30930.1213,5625.416891,1755950.439
QTSZ12,KENT RIDGE,QUEENSTOWN,1030,100,70,6.80,100,9.71,230,22.33,410,39.81,220,21.36,23464.8409,29725.3706,7439.547656,1826848.561
QTSZ13,PASIR PANJANG 1,QUEENSTOWN,4110,100,420,10.22,410,9.98,860,20.92,1690,41.12,730,17.76,22077.3383,29893.7812,6571.323082,1084792.321
QTSZ14,PASIR PANJANG 2,QUEENSTOWN,3450,100,270,7.83,380,11.01,730,21.16,1300,37.68,770,22.32,23692.6385,28894.4099,5797.231319,853206.5717
QTSZ15,PORT,QUEENSTOWN,140,100,0,0.00,20,14.29,40,28.57,50,35.71,30,21.43,21576.0765,28788.2172,23438.81854,7601893.995
RCSZ01,FARRER PARK,ROCHOR,3020,100,250,8.28,280,9.27,510,16.89,1220,40.40,760,25.17,30093.4152,32386.2107,2540.960363,247887.633
RCSZ02,LITTLE INDIA,ROCHOR,3710,100,210,5.66,320,8.63,620,16.71,1460,39.35,1100,29.65,30307.5102,32122.9908,2203.280258,278303.5433
RCSZ03,SUNGEI ROAD,ROCHOR,2350,100,180,7.66,240,10.21,420,17.87,830,35.32,680,28.94,30601.3445,32003.1028,1727.963503,116329.9966
RCSZ04,ROCHOR CANAL,ROCHOR,0,0,0,0,0,0,0,0,0,0,0,0,30693.783,31819.1316,1686.009453,120171.3212
RCSZ05,KAMPONG GLAM,ROCHOR,190,100,20,10.53,0,0.00,30,15.79,60,31.58,80,42.11,30934.989,31623.1483,1681.626995,171334.392
RCSZ06,MACKENZIE,ROCHOR,120,100,10,8.33,20,16.67,30,25.00,60,50.00,0,0.00,29680.0182,32062.9263,1216.480631,55681.28248
RCSZ07,MOUNT EMILY,ROCHOR,1180,100,130,11.02,90,7.63,220,18.64,590,50.00,150,12.71,29583.2555,31639.481,2301.2303,193992.3453
RCSZ08,SELEGIE,ROCHOR,290,100,20,6.90,20,6.90,50,17.24,130,44.83,70,24.14,29817.3304,31611.0039,1478.04997,49626.01833
RCSZ09,BENCOOLEN,ROCHOR,1460,100,120,8.22,100,6.85,250,17.12,600,41.10,390,26.71,29999.0626,31594.594,1916.097548,170664.3045
RCSZ10,VICTORIA,ROCHOR,2050,100,100,4.88,120,5.85,360,17.56,790,38.54,680,33.17,30189.2101,31335.7252,2093.770233,214250.2981
RVSZ01,ONE TREE HILL,RIVER VALLEY,1860,100,130,6.99,210,11.29,290,15.59,800,43.01,430,23.12,27315.5592,31563.7968,2464.413094,340743.3416
RVSZ02,PATERSON,RIVER VALLEY,190,100,20,10.53,20,10.53,40,21.05,90,47.37,20,10.53,27809.3171,31511.3733,1753.92708,173121.7736
RVSZ03,LEONIE HILL,RIVER VALLEY,2520,100,240,9.52,270,10.71,420,16.67,1210,48.02,380,15.08,28082.9397,31145.1079,2676.352563,368482.9883
RVSZ04,OXLEY,RIVER VALLEY,1390,100,120,8.63,110,7.91,230,16.55,580,41.73,350,25.18,28802.3555,31053.6717,1989.487026,200052.6848
RVSZ05,INSTITUTION HILL,RIVER VALLEY,3380,100,440,13.02,330,9.76,590,17.46,1500,44.38,520,15.38,28465.3999,30711.2179,2842.525505,392563.3398
SBSZ01,SEMBAWANG EAST,SEMBAWANG,0,0,0,0,0,0,0,0,0,0,0,0,27788.9403,47682.832,3494.973413,758123.4599
SBSZ02,SEMBAWANG SPRINGS,SEMBAWANG,5030,100,490,9.74,750,14.91,850,16.90,2050,40.76,890,17.69,27076.8118,46959.0886,4212.042247,1099394.72
SBSZ03,SEMBAWANG CENTRAL,SEMBAWANG,28820,100,3170,11.00,3950,13.71,6080,21.10,12070,41.88,3550,12.32,26268.7326,47558.0804,3955.117637,962437.4031
SBSZ04,SEMBAWANG NORTH,SEMBAWANG,27130,100,3670,13.53,3630,13.38,5480,20.20,11250,41.47,3100,11.43,26038.8084,48732.9057,5519.934845,1394865.684
SBSZ05,ADMIRALTY,SEMBAWANG,14510,100,2070,14.27,1840,12.68,3000,20.68,5840,40.25,1760,12.13,27091.2755,48333.8005,4534.251888,1261648.748
SBSZ06,SEMBAWANG STRAITS,SEMBAWANG,1750,100,190,10.86,240,13.71,330,18.86,730,41.71,260,14.86,28352.4774,48918.2749,7217.388372,1540733.675
SBSZ07,THE WHARVES,SEMBAWANG,0,0,0,0,0,0,0,0,0,0,0,0,26945.068,49552.7904,11828.87772,1635808.129
SBSZ08,SENOKO NORTH,SEMBAWANG,0,0,0,0,0,0,0,0,0,0,0,0,24665.7878,49482.5953,7392.128851,2241386.619
SBSZ09,SENOKO SOUTH,SEMBAWANG,0,0,0,0,0,0,0,0,0,0,0,0,25130.655,48346.0326,5262.562765,1741957.363
SESZ01,LORONG HALUS NORTH,SENGKANG,0,0,0,0,0,0,0,0,0,0,0,0,36619.2153,40404.6157,3930.096752,924866.0165
SESZ02,RIVERVALE,SENGKANG,61220,100,6840,11.17,8280,13.52,12750,20.83,24760,40.44,8590,14.03,35977.6113,41060.8024,6315.954417,1569034.784
SESZ03,SENGKANG TOWN CENTRE,SENGKANG,55750,100,6780,12.16,7250,13.00,11740,21.06,22750,40.81,7230,12.97,35163.812,41501.1418,5216.400502,1455507.859
SESZ04,ANCHORVALE,SENGKANG,39190,100,6350,16.20,4620,11.79,8670,22.12,15160,38.68,4390,11.20,34218.5354,41815.316,5112.461787,1499108.626
SESZ05,COMPASSVALE,SENGKANG,18680,100,3640,19.49,1670,8.94,3980,21.31,7480,40.04,1910,10.22,34304.2505,40761.0908,5216.01738,1093213.491
SESZ06,FERNVALE,SENGKANG,44560,100,8730,19.59,4100,9.20,11080,24.87,15860,35.59,4790,10.75,32806.2915,41896.3685,6491.767944,2391082.765
SESZ07,SENGKANG WEST,SENGKANG,0,0,0,0,0,0,0,0,0,0,0,0,31319.9431,41936.6786,5991.020008,1670029.856
SGSZ01,SELETAR HILLS,SERANGOON,13820,100,1140,8.25,1710,12.37,2810,20.33,4970,35.96,3190,23.08,31676.9626,40603.1989,6498.651071,2330683.264
SGSZ02,SERANGOON NORTH IND ESTATE,SERANGOON,0,0,0,0,0,0,0,0,0,0,0,0,31498.8784,39642.2223,4299.211199,921430.9488
SGSZ03,SERANGOON NORTH,SERANGOON,17060,100,1380,8.09,2310,13.54,3750,21.98,6750,39.57,2870,16.82,32458.8031,39597.6401,3610.732408,684704.3005
SGSZ04,SERANGOON GARDEN,SERANGOON,38630,100,2700,6.99,3920,10.15,7990,20.68,13960,36.14,10060,26.04,31710.8227,38310.2243,6972.419094,3023148.981
SGSZ05,LORONG CHUAN,SERANGOON,8380,100,730,8.71,1140,13.60,1610,19.21,3230,38.54,1670,19.93,31327.7628,36732.6316,5440.347324,1180126.112
SGSZ06,SERANGOON CENTRAL,SERANGOON,26080,100,1780,6.83,2540,9.74,5740,22.01,9750,37.38,6270,24.04,32157.3746,37148.607,4784.623169,1061889.353
SGSZ07,UPPER PAYA LEBAR,SERANGOON,16030,100,1250,7.80,1610,10.04,3530,22.02,6010,37.49,3630,22.65,32866.5229,36522.0741,4658.999428,898561.2996
SISZ01,SENTOSA,SOUTHERN ISLANDS,1620,100,190,11.73,200,12.35,230,14.20,820,50.62,180,11.11,27593.9393,25813.3546,17496.19374,4919132.37
SISZ02,SOUTHERN GROUP,SOUTHERN ISLANDS,0,0,0,0,0,0,0,0,0,0,0,0,29815.09,23412.5866,25626.97719,2206319.456
SKSZ01,KRANJI,SUNGEI KADUT,0,0,0,0,0,0,0,0,0,0,0,0,19766.8432,46226.3545,7899.952343,3652031.033
SKSZ02,TURF CLUB,SUNGEI KADUT,660,100,50,7.58,80,12.12,120,18.18,240,36.36,170,25.76,20234.6006,44507.1901,7665.676019,3291405.506
SKSZ03,GALI BATU,SUNGEI KADUT,130,100,0,0.00,0,0.00,0,0.00,20,15.38,110,84.62,20165.0687,42429.2408,9036.682771,5186128.077
SKSZ04,PANG SUA,SUNGEI KADUT,0,0,0,0,0,0,0,0,0,0,0,0,18535.5677,43826.0836,7561.990107,2175380.058
SKSZ05,RESERVOIR VIEW,SUNGEI KADUT,0,0,0,0,0,0,0,0,0,0,0,0,18367.171,45940.4868,10399.42448,3284130.42
SLSZ01,SELETAR AEROSPACE PARK,SELETAR,0,0,0,0,0,0,0,0,0,0,0,0,31690.73,43796.9117,8946.560465,3621841.183
SLSZ02,PULAU PUNGGOL BARAT,SELETAR,0,0,0,0,0,0,0,0,0,0,0,0,33050.0976,45213.5347,6251.207796,2050051.225
SLSZ03,PULAU PUNGGOL TIMOR,SELETAR,0,0,0,0,0,0,0,0,0,0,0,0,34428.8491,44535.8977,4817.803706,1259743.113
SLSZ04,SELETAR,SELETAR,220,100,30,13.64,40,18.18,20,9.09,120,54.55,10,4.55,33371.5499,43425.0895,8487.274476,3916069.337
SMSZ01,SIMPANG NORTH,SIMPANG,0,0,0,0,0,0,0,0,0,0,0,0,29388.7139,47645.2768,9071.752449,3450455.359
SMSZ02,TANJONG IRAU,SIMPANG,0,0,0,0,0,0,0,0,0,0,0,0,29959.6312,48428.1734,4322.195234,1074375.121
SMSZ03,SIMPANG SOUTH,SIMPANG,0,0,0,0,0,0,0,0,0,0,0,0,30567.8998,46241.4969,7166.913662,2147082.067
SMSZ04,PULAU SELETAR,SIMPANG,0,0,0,0,0,0,0,0,0,0,0,0,31511.014,47245.3329,5466.048269,1611278.675
SRSZ01,ROBERTSON QUAY,SINGAPORE RIVER,2590,100,390,15.06,220,8.49,390,15.06,1300,50.19,290,11.20,28416.8477,30409.3607,4995.758114,506588.9598
SRSZ02,CLARKE QUAY,SINGAPORE RIVER,110,100,10,9.09,10,9.09,20,18.18,60,54.55,10,9.09,29253.2073,30222.8645,2208.619299,290184.6527
SRSZ03,BOAT QUAY,SINGAPORE RIVER,150,100,10,6.67,10,6.67,20,13.33,60,40.00,50,33.33,29654.9594,29974.6553,1740.925766,160807.4977
SVSZ01,STRAITS VIEW,STRAITS VIEW,0,0,0,0,0,0,0,0,0,0,0,0,30832.9017,28194.0843,5277.760827,1127297.237
THSZ01,TENGAH,TENGAH,0,0,0,0,0,0,0,0,0,0,0,0,16363.1893,38432.5474,12808.87653,7370557.682
TMSZ01,TAMPINES NORTH,TAMPINES,0,0,0,0,0,0,0,0,0,0,0,0,39763.9423,38698.1692,7128.355391,2543106.634
TMSZ02,TAMPINES EAST,TAMPINES,137580,100,11940,8.68,15730,11.43,32200,23.40,52290,38.01,25420,18.48,41122.547,37392.389,10180.62409,4339824.136
TMSZ03,TAMPINES WEST,TAMPINES,77840,100,7120,9.15,9180,11.79,18240,23.43,29600,38.03,13700,17.60,39421.6571,36739.2069,8058.33566,3475209.889
TMSZ04,SIMEI,TAMPINES,41880,100,3930,9.38,4860,11.60,9080,21.68,16700,39.88,7310,17.45,41431.0631,35870.7852,7402.560779,2778635.655
TMSZ05,XILIN,TAMPINES,1830,100,110,6.01,240,13.11,430,23.50,780,42.62,270,14.75,43110.6141,34607.3132,12926.04699,7833992.845
TNSZ01,NASSIM,TANGLIN,8750,100,1160,13.26,1010,11.54,1280,14.63,3690,42.17,1610,18.40,27002.6928,32905.576,6241.332877,2096085.23
TNSZ02,CHATSWORTH,TANGLIN,6020,100,700,11.63,570,9.47,960,15.95,2760,45.85,1030,17.11,26896.4019,31045.0187,5469.441095,1346152.777
TNSZ03,RIDOUT,TANGLIN,1390,100,130,9.35,140,10.07,250,17.99,540,38.85,330,23.74,25568.3077,31752.6686,6450.972879,1951865.755
TNSZ04,TYERSALL,TANGLIN,3580,100,390,10.89,410,11.45,590,16.48,1440,40.22,750,20.95,25732.6536,32985.8494,6430.986147,2158289.716
TPSZ01,TOA PAYOH WEST,TOA PAYOH,12950,100,820,6.33,1090,8.42,2250,17.37,5020,38.76,3770,29.11,28943.1923,35787.3478,4516.839966,1037281.094
TPSZ02,TOA PAYOH CENTRAL,TOA PAYOH,30280,100,3330,11.00,2950,9.74,5560,18.36,12020,39.70,6420,21.20,29409.7438,34982.1962,5201.968752,1107267.036
TPSZ03,BRADDELL,TOA PAYOH,10610,100,850,8.01,1080,10.18,2070,19.51,3920,36.95,2690,25.35,29811.6006,35855.51,3513.756935,446241.7919
TPSZ04,BOON TECK,TOA PAYOH,14790,100,1160,7.84,1470,9.94,2590,17.51,5350,36.17,4220,28.53,30193.1349,35272.7474,2626.136593,418657.3583
TPSZ05,LORONG 8 TOA PAYOH,TOA PAYOH,8060,100,530,6.58,740,9.18,1460,18.11,3040,37.72,2290,28.41,30646.8429,35893.1126,3271.271192,439646.7616
TPSZ06,PEI CHUN,TOA PAYOH,11490,100,890,7.75,1220,10.62,1870,16.28,4580,39.86,2930,25.50,30814.3282,35440.9703,2901.789416,411403.9371
TPSZ07,KIM KEAT,TOA PAYOH,8590,100,600,6.98,730,8.50,1770,20.61,3280,38.18,2210,25.73,30817.6061,34898.8968,2500.852271,369770.5632
TPSZ08,WOODLEIGH,TOA PAYOH,2420,100,290,11.98,290,11.98,490,20.25,980,40.50,370,15.29,31670.4785,35799.9019,3778.890574,813382.9814
TPSZ09,POTONG PASIR,TOA PAYOH,12420,100,920,7.41,1050,8.45,2390,19.24,4750,38.24,3310,26.65,31596.799,35028.1043,3496.881664,639143.5594
TPSZ10,BIDADARI,TOA PAYOH,0,0,0,0,0,0,0,0,0,0,0,0,32632.5394,35918.015,3323.742838,572502.1398
TPSZ11,SENNETT,TOA PAYOH,4570,100,310,6.78,480,10.50,880,19.26,1590,34.79,1310,28.67,32485.4898,35050.1965,3836.105793,867750.4373
TPSZ12,JOO SENG,TOA PAYOH,6670,100,560,8.40,620,9.30,1250,18.74,2550,38.23,1690,25.34,33454.069,35419.7276,4254.531333,1057165.244
TSSZ01,TENGEH,TUAS,0,0,0,0,0,0,0,0,0,0,0,0,7798.1677,35535.6127,9918.46418,2251155.704
TSSZ02,TUAS PROMENADE,TUAS,0,0,0,0,0,0,0,0,0,0,0,0,5918.9956,34910.5821,13318.7734,3188097.306
TSSZ03,TUAS NORTH,TUAS,0,0,0,0,0,0,0,0,0,0,0,0,7737.0329,34331.0851,7702.824948,3260150.857
TSSZ04,TUAS BAY,TUAS,0,0,0,0,0,0,0,0,0,0,0,0,6921.1588,33401.4189,10583.71113,3203306.037
TSSZ05,TUAS VIEW,TUAS,0,0,0,0,0,0,0,0,0,0,0,0,5753.6337,31501.4549,11013.62449,5675810.846
TSSZ06,TUAS VIEW EXTENSION,TUAS,0,0,0,0,0,0,0,0,0,0,0,0,5092.8949,26137.8735,54928.09387,27710950.08
WCSZ01,WESTERN WATER CATCHMENT,WESTERN WATER CATCHMENT,810,100,90,11.11,80,9.88,190,23.46,350,43.21,100,12.35,12020.342,40454.871,44305.66057,69748298.79
WDSZ01,WOODLANDS REGIONAL CENTRE,WOODLANDS,0,0,0,0,0,0,0,0,0,0,0,0,22571.2094,46698.8735,3254.343275,595652.1439
WDSZ02,MIDVIEW,WOODLANDS,36050,100,3530,9.79,5780,16.03,8660,24.02,13900,38.56,4180,11.60,23349.76,46841.1143,4159.20144,936415.5261
WDSZ03,WOODLANDS EAST,WOODLANDS,94300,100,10430,11.06,14430,15.30,20730,21.98,38820,41.17,9890,10.49,24506.6375,46991.63,6603.608301,2553463.724
WDSZ04,WOODLANDS SOUTH,WOODLANDS,36450,100,4760,13.06,5510,15.12,7710,21.15,14330,39.31,4140,11.36,23609.573,45692.8785,5211.384435,1576001.476
WDSZ05,WOODGROVE,WOODLANDS,35920,100,3020,8.41,5440,15.14,8520,23.72,14390,40.06,4550,12.67,21905.2849,45668.0411,6284.599725,1665469.26
WDSZ06,WOODLANDS WEST,WOODLANDS,32770,100,2810,8.57,3860,11.78,7700,23.50,12350,37.69,6050,18.46,21582.5903,46573.0249,5929.644687,1648629.909
WDSZ07,GREENWOOD PARK,WOODLANDS,0,0,0,0,0,0,0,0,0,0,0,0,22608.3894,47660.0645,4620.865567,1281296.51
WDSZ08,SENOKO WEST,WOODLANDS,0,0,0,0,0,0,0,0,0,0,0,0,23921.5512,48088.741,3966.740969,905921.1179
WDSZ09,NORTH COAST,WOODLANDS,14240,100,1020,7.16,1630,11.45,3150,22.12,5500,38.62,2940,20.65,22147.036,48031.5522,10847.88198,2450783.607
WISZ01,JURONG ISLAND AND BUKOM,WESTERN ISLANDS,0,0,0,0,0,0,0,0,0,0,0,0,13012.8805,27225.8674,68083.93647,36707720.92
WISZ02,SEMAKAU,WESTERN ISLANDS,0,0,0,0,0,0,0,0,0,0,0,0,21206.3338,20465.8075,18703.68114,4963787.104
WISZ03,SUDONG,WESTERN ISLANDS,0,0,0,0,0,0,0,0,0,0,0,0,15931.7586,19579.069,24759.0658,4207271.094
YSSZ01,YISHUN CENTRAL,YISHUN,1450,100,110,7.59,140,9.66,380,26.21,530,36.55,290,20.00,28483.0705,45383.3344,2549.643182,436368.5338
YSSZ02,NORTHLAND,YISHUN,30550,100,2550,8.35,3530,11.55,7060,23.11,12240,40.07,5170,16.92,28520.5814,46642.7243,5057.119921,1511000.363
YSSZ03,YISHUN EAST,YISHUN,56770,100,8470,14.92,5880,10.36,15070,26.55,20500,36.11,6850,12.07,29476.5995,45515.7196,5945.704099,1767092.896
YSSZ04,YISHUN SOUTH,YISHUN,38190,100,2980,7.80,4100,10.74,8910,23.33,14950,39.15,7250,18.98,28500.5467,44471.6735,5781.588051,1340167.988
YSSZ05,LOWER SELETAR,YISHUN,4620,100,860,18.61,540,11.69,1360,29.44,1570,33.98,290,6.28,29437.6195,43432.0454,15209.76279,8453312.38
YSSZ06,SPRINGLEAF,YISHUN,4020,100,310,7.71,510,12.69,870,21.64,1420,35.32,910,22.64,26969.7232,42586.216,6912.80078,2209210.705
YSSZ07,NEE SOON,YISHUN,910,100,90,9.89,100,10.99,150,16.48,380,41.76,190,20.88,25921.7245,43261.5225,7074.070778,2206695.555
YSSZ08,KHATIB,YISHUN,10630,100,730,6.87,1060,9.97,2570,24.18,4190,39.42,2080,19.57,27480.6357,44420.6884,4956.145735,1432913.062
YSSZ09,YISHUN WEST,YISHUN,58810,100,4920,8.37,6460,10.98,12530,21.31,23790,40.45,11110,18.89,27743.2668,45873.6006,5318.579266,1517767.389
