SUBZONE_C,PLANNING A,SUBZONE_NA,1_AND_2_RO,3_ROOM_FLA,4_ROOM_FLA,5_ROOM_AND,TOTAL_HDB,CONDOMINIU,LANDED_PROP,TOTAL,X_COORDINA,Y_COORDINA,SHAPE_Leng,SHAPE_Area
SBSZ05,Sembawang,Admiralty,1230,780,5910,6590,14500,0,0,14500,27091.2755,48333.8005,4534.251888,1261648.748
PLSZ04,Paya Lebar,Airport Road,0,0,0,0,0,0,0,0,35133.3154,37075.3184,3433.884804,494504.0681
BMSZ07,Bukit Merah,Alexandra Hill,4690,2740,4110,3320,14860,0,0,14860,25358.8208,29991.3842,4428.913436,1030378.786
BMSZ06,Bukit Merah,Alexandra North,0,0,0,0,0,1030,0,1030,26548.2507,30519.3922,2907.051461,293706.3988
GLSZ04,Geylang,Aljunied,2340,10290,9720,6770,29120,10110,550,39780,33592.5759,32970.8301,7100.699079,2959367.625
BTSZ01,Bukit Timah,Anak Bukit,130,50,2210,3290,5680,8450,7610,21740,21127.1918,35561.884,7637.809479,2768353.557
SESZ04,Sengkang,Anchorvale,1380,1090,14400,22300,39170,0,0,39170,34218.5354,41815.316,5112.461787,1499108.626
AMSZ01,Ang Mo Kio,Ang Mo Kio Town Centre,0,450,700,2000,3150,1800,0,4950,29501.7659,39419.4049,2642.208777,316882.0172
DTSZ10,Downtown Core,Anson,0,0,0,0,0,0,0,0,29145.35,28466.7783,1586.100059,103238.4821
NVSZ01,Novena,Balestier,2100,7710,6420,4930,21160,9310,530,31000,29975.2639,34194.0676,6804.341011,1926622.002
BPSZ04,Bukit Panjang,Bangkit,0,3020,13030,5770,21820,1330,0,23150,21431.2286,39899.5272,4350.135722,763183.4294
DTSZ12,Downtown Core,Bayfront Subzone,0,0,0,0,0,0,0,0,30806.2418,29530.167,2897.126426,521200.5224
BDSZ08,Bedok,Bayshore,0,0,0,0,0,6780,440,7220,40835.377,32903.5965,8698.596958,2550461.673
BDSZ04,Bedok,Bedok North,4040,33600,25900,11130,74660,4600,4590,83850,39429.2104,34737.6194,8414.962102,3203663.493
BDSZ02,Bedok,Bedok Reservoir,0,3150,9030,6620,18810,7140,30,25980,38351.1166,35800.6076,6899.5259,2379331.529
BDSZ06,Bedok,Bedok South,1740,9350,13700,7280,32060,5560,11780,49400,40379.4208,33744.2238,7811.589025,2997307.459
RCSZ09,Rochor,Bencoolen,40,900,140,0,1080,310,0,1390,29999.0626,31594.594,1916.097548,170664.3045
KLSZ01,Kallang,Bendemeer,1700,9040,11630,6170,28530,4210,660,33400,31175.9571,33827.9445,5603.000911,1376830.045
PNSZ03,Pioneer,Benoi Sector,0,0,0,0,0,0,0,0,11668.2441,33336.5267,6249.477068,2042630.98
TPSZ10,Toa Payoh,Bidadari,0,0,0,0,0,0,0,0,32632.5394,35918.015,3323.742838,572502.1398
BSSZ03,Bishan,Bishan East,290,2020,11700,12820,26830,1750,0,28580,30191.9092,36882.1939,5680.719402,1794461.262
SRSZ03,Singapore River,Boat Quay,0,0,0,0,0,100,0,100,29654.9594,29974.6553,1740.925766,160807.4977
KLSZ03,Kallang,Boon Keng,1040,2420,4480,2610,10560,50,140,10750,32338.3212,33018.7607,2972.111045,410994.5447
JWSZ02,Jurong West,Boon Lay Place,4590,15170,4820,5150,29740,1250,0,30990,14403.7788,36444.6275,3708.366281,906317.3907
TPSZ04,Toa Payoh,Boon Teck,5390,4120,1280,3710,14500,0,0,14500,30193.1349,35272.7474,2626.136593,418657.3583
ORSZ02,Orchard,Boulevard,0,0,0,0,0,350,0,350,27916.9271,31967.0064,4109.23135,460550.4298
TPSZ03,Toa Payoh,Braddell,1690,3120,1990,2700,9510,1040,0,10550,29811.6006,35855.51,3513.756935,446241.7919
MUSZ03,Museum,Bras Basah,0,0,0,0,0,0,0,0,29793.0931,30958.0952,2348.657173,223206.6032
BKSZ03,Bukit Batok,Brickworks,0,0,0,0,0,0,0,0,17861.6364,37527.3344,4392.362215,1225673.649
DTSZ01,Downtown Core,Bugis,0,1110,970,10,2100,20,0,2120,30528.3347,31278.4644,2658.881648,280174.7667
BKSZ07,Bukit Batok,Bukit Batok Central,1310,4110,11280,7540,24250,1420,0,25670,18773.5578,36680.0524,3782.826959,800298.5645
BKSZ08,Bukit Batok,Bukit Batok East,0,6370,5470,2280,14120,0,0,14120,19566.3613,36806.3015,2619.552372,380201.8028
BKSZ09,Bukit Batok,Bukit Batok South,0,0,6170,5640,11810,1220,680,13710,19631.873,35910.9635,6998.805924,1806553.076
BKSZ06,Bukit Batok,Bukit Batok West,0,5460,5980,3440,14880,0,0,14880,17865.8838,36623.2134,3414.799428,526383.3528
BMSZ09,Bukit Merah,Bukit Ho Swee,4080,6010,3390,1950,15430,510,0,15940,27680.0627,30230.861,3275.312488,551732.0495
BMSZ02,Bukit Merah,Bukit Merah,0,150,10,930,1100,0,0,1100,26360.799,29384.1429,3074.963235,411722.8226
NTSZ04,Newton,Cairnhill,0,0,0,0,0,2860,430,3290,28482.6672,32108.1919,3853.900423,452471.8318
DTSZ08,Downtown Core,Cecil,0,0,0,0,0,140,0,140,29730.1983,29011.3284,2116.094667,196619.8632
DTSZ11,Downtown Core,Central Subzone,0,0,0,0,0,530,0,530,30125.8367,28683.0399,5002.016151,1070723.256
CCSZ01,Central Water Catchment,Central Water Catchment,0,0,0,0,0,0,0,0,24424.4183,39849.0456,30538.24618,37147854.46
CHSZ03,Changi,Changi Airport,0,0,0,0,0,0,0,0,46661.849,36599.8158,28163.22827,35096028.59
CBSZ01,Changi Bay,Changi Bay,0,0,0,0,0,0,0,0,49502.4866,34316.5442,18731.55997,1829821.69
CHSZ01,Changi,Changi Point,0,440,0,10,440,0,160,600,44603.6326,41360.4186,4897.482363,995944.7654
CHSZ02,Changi,Changi West,0,0,0,0,0,30,230,260,44092.338,38928.6585,14918.10822,4848516.74
TNSZ02,Tanglin,Chatsworth,0,0,0,0,0,4920,980,5900,26896.4019,31045.0187,5469.441095,1346152.777
AMSZ02,Ang Mo Kio,Cheng San,840,14320,8500,5250,28900,0,0,28900,30312.1923,39413.3478,4218.958062,955710.1887
JWSZ05,Jurong West,Chin Bee,0,0,0,0,0,0,0,0,14631.8059,35240.9703,4899.033957,1287949.825
OTSZ04,Outram,China Square,0,1400,0,70,1470,50,0,1520,29509.6437,29646.4495,1605.279697,133006.936
OTSZ03,Outram,Chinatown,1140,2830,4850,2110,10930,370,0,11300,29153.9676,29158.0443,4297.59991,587222.6789
CKSZ03,Choa Chu Kang,Choa Chu Kang Central,0,0,8700,6350,15050,6830,0,21880,18465.672,40772.9207,4202.496608,1097298.799
CKSZ05,Choa Chu Kang,Choa Chu Kang North,1690,590,9640,17330,29250,2470,2260,33980,18347.5682,41593.7648,4552.314746,1088638.014
AMSZ03,Ang Mo Kio,Chong Boon,1790,13180,8530,3410,26910,0,0,26910,30485.5109,38478.993,4710.53873,1078622.324
DTSZ02,Downtown Core,City Hall,0,0,0,0,0,0,0,0,30209.0736,30536.5079,4544.169847,710568.7029
BMSZ17,Bukit Merah,City Terminals,0,0,0,0,0,0,0,0,28387.3388,27536.5671,16805.6555,3449640.607
SRSZ02,Singapore River,Clarke Quay,0,0,0,0,0,40,0,40,29253.2073,30222.8645,2208.619299,290184.6527
CLSZ06,Clementi,Clementi Central,0,4470,5180,1120,10780,1230,950,12960,20183.4496,32707.5394,3630.189223,748043.2767
CLSZ04,Clementi,Clementi North,1220,12540,10420,4550,28720,0,0,28720,20613.245,33368.8225,4251.445365,991039.7807
CLSZ08,Clementi,Clementi West,0,8070,4220,1250,13540,2590,240,16370,20184.3508,31651.8834,5211.867528,697501.7143
CLSZ07,Clementi,Clementi Woods,1510,3040,5670,3250,13460,2100,300,15860,20764.198,31824.7421,5275.74936,1053493.747
DTSZ06,Downtown Core,Clifford Pier,0,0,0,0,0,0,0,0,30379.5041,29776.4334,2405.990925,261843.8968
QTSZ03,Queenstown,Commonwealth,1860,5770,270,0,7910,0,0,7910,24278.7709,31919.97,2713.429971,310513.6474
SESZ05,Sengkang,Compassvale,330,390,12640,1900,15260,3400,0,18660,34304.2505,40761.0908,5216.01738,1093213.491
PGSZ07,Punggol,Coney Island,0,0,0,0,0,0,0,0,37928.4976,43351.3743,5670.137057,1200804.563
BTSZ06,Bukit Timah,Coronation Road,0,0,0,0,0,1970,4020,5990,24463.149,34200.3339,5905.904193,1425083.177
KLSZ09,Kallang,Crawford,4780,2610,830,760,8980,510,0,9490,31396.8906,31457.287,4634.784296,850853.9138
BPSZ06,Bukit Panjang,Dairy Farm,0,0,0,0,0,3750,2030,5780,21181.12,38939.8375,4814.195375,1235901.752
HGSZ09,Hougang,Defu Industrial Park,0,0,0,0,0,0,0,0,34951.3961,37089.433,8517.596169,1974371.712
BMSZ12,Bukit Merah,Depot Road,0,0,1720,2200,3920,1420,0,5340,25244.2071,29407.094,4281.172681,442502.8276
MUSZ01,Museum,Dhoby Ghaut,0,0,0,0,0,210,0,210,29320.0735,31245.7483,2584.78831,221973.3418
QTSZ10,Queenstown,Dover,490,2920,3590,3020,10020,2380,40,12440,22015.5324,31800.5247,5637.722008,1386643.316
NVSZ04,Novena,Dunearn,0,0,0,0,0,830,3070,3900,26525.5278,34268.8547,4827.408264,1229894.417
MPSZ04,Marine Parade,East Coast,0,0,0,0,0,0,0,0,36386.5261,31338.9016,5333.008671,591778.9997
BMSZ16,Bukit Merah,Everton Park,610,2010,2230,3480,8330,440,200,8970,28333.5771,28602.9926,3776.683388,635704.0567
CLSZ03,Clementi,Faber,0,0,0,0,0,2700,1530,4230,19489.6559,33800.8662,4665.755981,948158.9135
BPSZ03,Bukit Panjang,Fajar,520,1970,14110,11960,28550,0,0,28550,21080.9573,40748.0926,3800.608941,668454.4393
BTSZ08,Bukit Timah,Farrer Court,0,980,550,320,1850,2770,900,5520,24862.8217,33234.7951,4192.289528,558760.5316
RCSZ01,Rochor,Farrer Park,0,320,1920,430,2670,80,30,2780,30093.4152,32386.2107,2540.960363,247887.633
SESZ06,Sengkang,Fernvale,2650,5880,24230,9320,42070,1040,1100,44210,32806.2915,41896.3685,6491.767944,2391082.765
PRSZ08,Pasir Ris,Flora Drive,0,0,0,0,0,10230,3370,13600,42801.7349,37930.5489,3956.615777,944998.4489
MUSZ02,Museum,Fort Canning,0,0,0,0,0,160,0,160,29413.9718,30713.0723,2585.229404,385093.1134
BDSZ05,Bedok,Frankel,40,0,0,0,40,13980,19050,33070,37694.5519,33007.2679,8750.386291,4297140.714
SKSZ03,Sungei Kadut,Gali Batu,0,0,0,0,0,0,0,0,20165.0687,42429.2408,9036.682771,5186128.077
KLSZ02,Kallang,Geylang Bahru,1310,7660,1460,2110,12540,0,0,12540,32110.0626,33765.6746,3745.034017,735502.2264
GLSZ05,Geylang,Geylang East,2270,6960,7330,4140,20690,7350,4190,32230,35237.1681,33246.0587,7028.340071,2579087.17
QTSZ01,Queenstown,Ghim Moh,1980,4690,2810,2260,11750,0,0,11750,22899.1897,32579.9353,3223.645504,485046.9227
BKSZ01,Bukit Batok,Gombak,0,0,4000,2760,6760,340,2750,9850,19560.7028,39034.544,7921.557211,2459098.265
NTSZ02,Newton,Goodwood Park,0,0,0,0,0,850,80,930,28108.8807,32875.267,2798.598501,351242.2536
WDSZ07,Woodlands,Greenwood Park,0,0,0,0,0,0,0,0,22608.3894,47660.0645,4620.865567,1281296.51
BKSZ04,Bukit Batok,Guilin,0,3580,2360,2360,8300,4780,0,13080,19151.8276,37505.9793,5564.333231,1085080.083
PNSZ04,Pioneer,Gul Basin,0,0,0,0,0,0,0,0,10327.4233,31746.7616,9465.222183,1769495.161
PNSZ02,Pioneer,Gul Circle,0,0,0,0,0,0,0,0,9693.9712,33074.429,7268.450752,3260399.459
BMSZ08,Bukit Merah,Henderson Hill,4570,3910,2580,950,12010,190,0,12200,26782.8261,29933.7651,3313.624904,595428.886
BTSZ05,Bukit Timah,Hillcrest,0,0,0,0,0,3670,5120,8790,25207.8426,35039.2942,7428.700261,2636483.259
BKSZ05,Bukit Batok,Hillview,0,0,0,0,0,15830,2270,18100,20276.6529,37526.4582,6673.934004,1990788.397
QTSZ02,Queenstown,Holland Drive,650,6220,4610,2460,13930,0,10,13940,23711.437,32294.7721,3420.329337,459546.2858
BTSZ03,Bukit Timah,Holland Road,0,0,0,0,0,6030,4170,10200,22485.0193,34364.2896,8185.197323,3392897.364
JWSZ03,Jurong West,Hong Kah,640,12610,25580,13990,52820,2940,0,55760,15507.9346,36890.281,5589.784561,1793463.631
BKSZ02,Bukit Batok,Hong Kah North,150,7940,13830,4430,26340,1280,0,27620,18505.4653,38307.4684,3842.99403,859179.1801
HGSZ01,Hougang,Hougang Central,0,80,1520,2160,3770,30,890,4690,34470.7005,39076.5963,2759.815466,441733.4402
HGSZ03,Hougang,Hougang East,0,1430,13580,7560,22560,170,0,22730,35128.0008,39812.3857,3960.446862,842667.6261
HGSZ04,Hougang,Hougang West,0,8630,27030,12630,48290,0,0,48290,33849.2205,39506.8724,6424.482139,1328876.198
RVSZ05,River Valley,Institution Hill,0,0,0,0,0,3310,40,3350,28465.3999,30711.2179,2842.525505,392563.3398
JESZ06,Jurong East,International Business Park,0,0,0,0,0,0,0,0,18514.5995,34285.7972,3024.275837,485022.3064
NTSZ06,Newton,Istana Negara,0,0,0,0,0,0,0,0,29226.8284,31963.2894,3730.341054,543483.681
BPSZ05,Bukit Panjang,Jelebu,0,4130,10550,11380,26060,5980,650,32690,20535.3901,39769.4445,3992.426031,911208.285
PNSZ01,Pioneer,Joo Koon,0,0,0,0,0,0,0,0,10883.9466,34203.6959,8601.202816,2349378.266
TPSZ12,Toa Payoh,Joo Seng,0,910,1870,1950,4730,360,1430,6520,33454.069,35419.7276,4254.531333,1057165.244
JESZ05,Jurong East,Jurong Gateway,0,0,0,0,0,0,0,0,17912.9778,35033.9061,3096.98411,554623.6757
WISZ01,Western Islands,Jurong Island And Bukom,0,0,0,0,0,0,0,0,13012.8805,27225.8674,68083.93647,36707720.92
JESZ09,Jurong East,Jurong Port,0,0,0,0,0,0,0,0,15250.7433,32183.916,11355.00222,2464856.701
JESZ07,Jurong East,Jurong River,0,0,0,0,0,0,0,0,16367.556,33519.9926,6612.903231,2560995.937
JWSZ09,Jurong West,Jurong West Central,20,100,25310,40840,66270,1140,0,67410,13396.6261,35811.7261,4649.79715,1404536.643
BDSZ01,Bedok,Kaki Bukit,470,6560,16050,15540,38610,500,710,39820,36485.3951,35307.0408,8153.888135,2820171.679
KLSZ08,Kallang,Kallang Bahru,0,0,0,0,0,0,0,0,31579.2889,32929.5276,3710.904602,839488.9772
GLSZ01,Geylang,Kallang Way,0,0,0,0,0,0,0,0,32761.4923,34229.7192,4055.202723,963198.8794
KLSZ04,Kallang,Kampong Bugis,0,0,620,130,750,100,0,850,32138.2216,32275.6907,4018.127622,741437.9922
RCSZ05,Rochor,Kampong Glam,0,0,0,0,0,20,0,20,30934.989,31623.1483,1681.626995,171334.392
KLSZ07,Kallang,Kampong Java,400,1930,3780,1660,7770,2550,630,10950,29891.5311,32888.5297,4344.612171,1022292.301
BMSZ11,Bukit Merah,Kampong Tiong Bahru,2330,4490,2010,1250,10080,0,0,10080,27335.8305,28979.7731,3304.060465,365333.4262
GLSZ03,Geylang,Kampong Ubi,0,1110,9520,2110,12740,0,0,12740,35039.5495,34647.2633,5573.532918,1878092.478
HGSZ02,Hougang,Kangkar,1100,5330,8840,4660,19940,8340,380,28660,35222.4409,39071.3399,5617.430811,1007410.002
MPSZ02,Marine Parade,Katong,0,0,0,0,0,4970,4260,9230,35680.9007,32176.3506,5062.814851,1078992.025
CKSZ02,Choa Chu Kang,Keat Hong,120,490,10100,6040,16750,2080,250,19080,18333.674,39720.6197,4680.783291,1143813.675
AMSZ06,Ang Mo Kio,Kebun Bahru,1860,11420,6290,2290,21860,0,1170,23030,28700.1674,39496.5061,4288.194231,1046417
BDSZ03,Bedok,Kembangan,3610,7840,6260,7350,25060,5000,8360,38420,37158.7015,34115.9683,6785.111707,2387277.532
QTSZ12,Queenstown,Kent Ridge,0,0,0,0,0,930,70,1000,23464.8409,29725.3706,7439.547656,1826848.561
YSSZ08,Yishun,Khatib,0,1760,4560,4250,10560,0,0,10560,27480.6357,44420.6884,4956.145735,1432913.062
JWSZ06,Jurong West,Kian Teck,0,0,0,0,0,0,0,0,12929.7451,34857.7532,8830.555258,2098176.496
TPSZ07,Toa Payoh,Kim Keat,230,3440,2740,2130,8540,0,0,8540,30817.6061,34898.8968,2500.852271,369770.5632
HGSZ06,Hougang,Kovan,0,760,2460,1060,4290,9390,12050,25730,33270.7913,38331.4768,5644.28775,1948613.205
SKSZ01,Sungei Kadut,Kranji,0,0,0,0,0,0,0,0,19766.8432,46226.3545,7899.952343,3652031.033
JESZ04,Jurong East,Lakeside,0,0,0,0,0,950,0,950,16697.0118,35114.9062,8828.63383,3108023.274
KLSZ06,Kallang,Lavender,2730,1320,1650,960,6670,2970,40,9680,30874.4064,32569.5264,3609.150463,757907.6111
BTSZ07,Bukit Timah,Leedon Park,0,0,0,0,0,2330,4010,6340,23947.764,33247.6811,7565.170053,2049551.25
RVSZ03,River Valley,Leonie Hill,0,0,0,0,0,2460,40,2500,28082.9397,31145.1079,2676.352563,368482.9883
LKSZ01,Lim Chu Kang,Lim Chu Kang,0,0,0,0,0,0,0,0,15309.8168,45819.0414,18733.83625,17494884.18
RCSZ02,Rochor,Little India,0,1360,1630,270,3250,50,40,3340,30307.5102,32122.9908,2203.280258,278303.5433
BLSZ02,Boon Lay,Liu Fang,0,0,0,0,0,0,0,0,14079.1004,33391.5623,7135.442501,2338909.489
TPSZ05,Toa Payoh,Lorong 8 Toa Payoh,500,2300,3150,2010,7960,0,0,7960,30646.8429,35893.1126,3271.271192,439646.7616
HGSZ07,Hougang,Lorong Ah Soo,0,8610,10720,7230,26560,2990,3620,33170,33930.3169,37657.026,5438.211022,1515533.891
SGSZ05,Serangoon,Lorong Chuan,0,0,0,0,0,3990,4230,8220,31327.7628,36732.6316,5440.347324,1180126.112
HGSZ10,Hougang,Lorong Halus,0,0,0,0,0,0,0,0,35870.2568,39071.4384,5788.960001,1333532.986
SESZ01,Sengkang,Lorong Halus North,0,0,0,0,0,0,0,0,36619.2153,40404.6157,3930.096752,924866.0165
YSSZ05,Yishun,Lower Seletar,0,380,1330,980,2690,810,1100,4600,29437.6195,43432.0454,15209.76279,8453312.38
PRSZ07,Pasir Ris,Loyang East,0,0,0,0,0,910,1250,2160,43592.3311,38890.0948,4185.462898,970068.0722
PRSZ06,Pasir Ris,Loyang West,0,0,0,0,0,0,0,0,43294.8337,39888.7716,6203.002065,2114789.488
RCSZ06,Rochor,Mackenzie,0,0,0,0,0,100,0,100,29680.0182,32062.9263,1216.480631,55681.28248
GLSZ02,Geylang,Macpherson,5550,11950,5800,3190,26490,690,1790,28970,33774.3483,34399.1614,4585.78818,1263409.404
NVSZ03,Novena,Malcolm,0,0,0,0,0,700,1860,2560,28070.2584,33930.2568,5346.80972,1321089.881
MDSZ02,Mandai,Mandai East,0,0,0,0,0,0,0,0,25739.2736,45391.7648,11572.52954,7235809.441
MDSZ03,Mandai,Mandai Estate,0,0,0,0,0,1290,770,2060,27082.698,45367.4603,1633.708416,143137.9411
MDSZ01,Mandai,Mandai West,0,0,0,0,0,0,0,0,22549.0736,44455.8474,9630.62719,4387133.117
QTSZ05,Queenstown,Margaret Drive,370,900,8860,3500,13620,10,20,13650,25202.7614,31065.9731,5969.645039,1026467.393
DTSZ03,Downtown Core,Marina Centre,0,0,0,0,0,0,0,0,30938.0985,30471.8267,4047.111169,886954.8092
MESZ01,Marina East,Marina East,0,0,0,0,0,0,0,0,32344.0489,30103.2495,6470.949643,1844060.675
MPSZ05,Marine Parade,Marina East (Mp),0,0,0,0,0,0,0,0,33715.6975,30512.2476,6657.151393,1590339.796
MSSZ01,Marina South,Marina South,0,0,0,0,0,0,0,0,31595.8357,29220.1873,5267.381024,1630379.268
MPSZ03,Marine Parade,Marine Parade,3700,6730,5170,5580,21180,7030,120,28330,36263.9827,31684.2656,6019.279096,1160017.478
BMSZ01,Bukit Merah,Maritime Square,0,0,0,0,0,2380,90,2470,25805.7867,27911.4193,13737.11618,2701634.34
BSSZ02,Bishan,Marymount,0,0,14690,9240,23920,4100,2880,30900,29287.5853,37383.764,6383.479273,1964134.532
PGSZ03,Punggol,Matilda,2290,3700,15960,9830,31770,5600,0,37370,35089.9853,42728.2745,5361.915964,1418284.255
DTSZ07,Downtown Core,Maxwell,0,0,0,0,0,0,0,0,29392.0478,29096.7539,1419.801857,63664.96677
QTSZ06,Queenstown,Mei Chin,1940,5610,2890,2820,13260,2810,220,16290,24651.0693,30651.134,3580.442857,748683.9959
WDSZ02,Woodlands,Midview,980,1090,15630,18100,35810,0,0,35810,23349.76,46841.1143,4159.20144,936415.5261
NTSZ05,Newton,Monk's Hill,0,0,0,0,0,960,0,960,28922.8456,32259.7856,2446.733416,171720.6207
NVSZ02,Novena,Moulmein,0,0,180,0,180,7050,1240,8470,29057.4415,33323.9221,5388.741938,1347456.011
RCSZ07,Rochor,Mount Emily,0,0,0,0,0,1070,60,1130,29583.2555,31639.481,2301.2303,193992.3453
NVSZ05,Novena,Mount Pleasant,0,0,0,0,0,0,660,660,27515.3125,35112.6183,7234.110745,3142950.108
MPSZ01,Marine Parade,Mountbatten,0,0,0,0,0,5160,5100,10260,34449.7044,31557.7446,5430.267061,1713623.005
TNSZ01,Tanglin,Nassim,0,0,0,0,0,7040,1570,8610,27002.6928,32905.576,6241.332877,2096085.23
QTSZ11,Queenstown,National University Of S'pore,0,0,0,0,0,0,0,0,21688.9243,30930.1213,5625.416891,1755950.439
BPSZ07,Bukit Panjang,Nature Reserve,0,0,0,0,0,3260,550,3810,21822.6273,37285.2615,9051.909119,4141322.431
YSSZ07,Yishun,Nee Soon,0,0,0,0,0,430,460,890,25921.7245,43261.5225,7074.070778,2206695.555
NTSZ03,Newton,Newton Circus,0,0,0,0,0,210,10,220,28587.1626,32653.9428,2399.4073,213581.642
WDSZ09,Woodlands,North Coast,160,5700,6000,2300,14160,0,0,14160,22147.036,48031.5522,10847.88198,2450783.607
NESZ01,North-Eastern Islands,North-Eastern Islands,0,0,0,0,0,0,0,0,50424.7923,42612.8784,62436.23535,67250562.96
YSSZ02,Yishun,Northland,680,7090,16530,6130,30420,0,0,30420,28520.5814,46642.7243,5057.119921,1511000.363
PGSZ01,Punggol,Northshore,0,0,0,0,0,0,290,290,36169.5574,44222.7655,5355.637118,1360000.631
QTSZ08,Queenstown,One North,0,0,0,0,0,510,60,570,23299.2437,31176.1605,6591.907914,2051652.622
RVSZ01,River Valley,One Tree Hill,0,0,0,0,0,1320,530,1850,27315.5592,31563.7968,2464.413094,340743.3416
NTSZ01,Newton,Orange Grove,0,0,0,0,0,1440,0,1440,27668.1841,32484.764,2476.246298,336221.4941
RVSZ04,River Valley,Oxley,0,0,0,0,0,1240,140,1380,28802.3555,31053.6717,1989.487026,200052.6848
CLSZ09,Clementi,Pandan,0,0,0,0,0,0,0,0,19228.6033,32265.401,5689.646944,1312922.681
SKSZ04,Sungei Kadut,Pang Sua,0,0,0,0,0,0,0,0,18535.5677,43826.0836,7561.990107,2175380.058
QTSZ13,Queenstown,Pasir Panjang 1,0,0,0,0,0,2600,1420,4020,22077.3383,29893.7812,6571.323082,1084792.321
QTSZ14,Queenstown,Pasir Panjang 2,0,0,0,0,0,1640,1740,3380,23692.6385,28894.4099,5797.231319,853206.5717
PRSZ03,Pasir Ris,Pasir Ris Central,450,810,6610,14250,22120,5440,390,27950,40755.9017,39341.7477,5273.239002,1511487.384
PRSZ05,Pasir Ris,Pasir Ris Drive,870,0,23700,31810,56380,1750,0,58130,42032.458,38988.2187,5311.060366,1639669.017
PRSZ04,Pasir Ris,Pasir Ris Park,0,0,0,0,0,4590,250,4840,41529.798,40218.9437,8533.963998,1719704.595
PRSZ01,Pasir Ris,Pasir Ris Wafer Fab Park,0,0,0,0,0,0,0,0,38612.4965,41196.6819,10606.6469,5325421.575
PRSZ02,Pasir Ris,Pasir Ris West,0,0,10770,18330,29100,4370,2140,35610,39851.4092,40140.2237,5128.49489,1583440.164
RVSZ02,River Valley,Paterson,0,0,0,0,0,170,10,180,27809.3171,31511.3733,1753.92708,173121.7736
PLSZ02,Paya Lebar,Paya Lebar East,0,0,0,0,0,0,0,0,38065.4483,37522.396,7470.111952,2259239.74
PLSZ01,Paya Lebar,Paya Lebar North,0,0,0,0,0,0,0,0,38291.9788,39463.3319,4812.862905,1287387.263
PLSZ03,Paya Lebar,Paya Lebar West,0,0,0,0,0,0,0,0,36649.3106,39403.4873,5898.475695,609894.668
OTSZ01,Outram,Pearl's Hill,5290,1190,280,20,6780,1030,0,7810,28679.0634,29782.0519,3506.107376,559816.2454
TPSZ06,Toa Payoh,Pei Chun,480,5710,2970,2200,11370,0,0,11370,30814.3282,35440.9703,2901.789416,411403.9371
CKSZ04,Choa Chu Kang,Peng Siang,420,670,20440,12520,34050,0,0,34050,17462.292,40146.4113,4555.057953,862737.0908
JESZ10,Jurong East,Penjuru Crescent,0,0,0,0,0,0,0,0,17651.309,31799.6102,9876.049092,3049720.082
OTSZ02,Outram,People's Park,0,0,0,0,0,330,0,330,28831.7807,29419.6457,1822.192718,93140.43764
DTSZ04,Downtown Core,Phillip,0,0,0,0,0,0,0,0,29706.7242,29744.9079,871.5548878,39437.93527
PNSZ05,Pioneer,Pioneer Sector,0,0,0,0,0,0,0,0,8872.7501,31423.4434,8489.982578,2796006.828
PLSZ05,Paya Lebar,Plab,0,0,0,0,0,0,0,0,36691.9113,37730.7232,11966.01676,7034806.472
QTSZ15,Queenstown,Port,0,0,0,0,0,0,100,100,21576.0765,28788.2172,23438.81854,7601893.995
TPSZ09,Toa Payoh,Potong Pasir,0,5330,4000,1170,10500,1770,60,12330,31596.799,35028.1043,3496.881664,639143.5594
SLSZ02,Seletar,Pulau Punggol Barat,0,0,0,0,0,0,0,0,33050.0976,45213.5347,6251.207796,2050051.225
SLSZ03,Seletar,Pulau Punggol Timor,0,0,0,0,0,0,0,0,34428.8491,44535.8977,4817.803706,1259743.113
SMSZ04,Simpang,Pulau Seletar,0,0,0,0,0,0,0,0,31511.014,47245.3329,5466.048269,1611278.675
PGSZ06,Punggol,Punggol Canal,0,0,0,0,0,0,0,0,37408.8422,43168.5702,6279.464843,1265919.304
PGSZ04,Punggol,Punggol Field,210,130,13180,29240,42760,2220,0,44980,36673.8994,41847.0902,5229.116114,1378710.536
PGSZ02,Punggol,Punggol Town Centre,0,1540,8040,2060,11640,0,0,11640,35602.3777,43427.511,4896.767508,1264384.789
QTSZ07,Queenstown,Queensway,0,0,0,0,0,250,30,280,24168.3106,30104.1768,3454.239283,631644.2893
DTSZ05,Downtown Core,Raffles Place,0,0,0,0,0,0,0,0,29968.6175,29572.7618,1872.752161,188767.4897
BMSZ03,Bukit Merah,Redhill,2150,2350,3220,3380,11090,850,0,11940,26201.958,30005.7035,2825.594099,387429.44
SKSZ05,Sungei Kadut,Reservoir View,0,0,0,0,0,0,0,0,18367.171,45940.4868,10399.42448,3284130.42
TNSZ03,Tanglin,Ridout,0,0,0,0,0,550,770,1320,25568.3077,31752.6686,6450.972879,1951865.755
SESZ02,Sengkang,Rivervale,1750,910,21500,29080,53240,7720,260,61220,35977.6113,41060.8024,6315.954417,1569034.784
SRSZ01,Singapore River,Robertson Quay,0,0,0,0,0,2540,0,2540,28416.8477,30409.3607,4995.758114,506588.9598
RCSZ04,Rochor,Rochor Canal,0,0,0,0,0,0,0,0,30693.783,31819.1316,1686.009453,120171.3212
JWSZ07,Jurong West,Safti,0,0,0,0,0,0,0,0,11290.2674,35199.6704,5137.717772,1524551.335
BLSZ03,Boon Lay,Samulun,0,0,0,0,0,0,0,0,13418.4922,32264.5933,8738.679385,1940693.424
BPSZ02,Bukit Panjang,Saujana,270,660,10770,12830,24520,1880,0,26400,20536.7145,40906.6531,3686.690567,674992.0009
RCSZ08,Rochor,Selegie,0,0,0,0,0,210,30,240,29817.3304,31611.0039,1478.04997,49626.01833
SLSZ04,Seletar,Seletar,0,0,0,0,0,0,230,230,33371.5499,43425.0895,8487.274476,3916069.337
SLSZ01,Seletar,Seletar Aerospace Park,0,0,0,0,0,0,0,0,31690.73,43796.9117,8946.560465,3621841.183
SGSZ01,Serangoon,Seletar Hills,0,0,0,0,0,1740,12030,13770,31676.9626,40603.1989,6498.651071,2330683.264
WISZ02,Western Islands,Semakau,0,0,0,0,0,0,0,0,21206.3338,20465.8075,18703.68114,4963787.104
SBSZ03,Sembawang,Sembawang Central,0,0,11010,17460,28470,190,0,28660,26268.7326,47558.0804,3955.117637,962437.4031
SBSZ01,Sembawang,Sembawang East,0,0,0,0,0,0,0,0,27788.9403,47682.832,3494.973413,758123.4599
AMSZ07,Ang Mo Kio,Sembawang Hills,0,0,0,0,0,170,6660,6830,27715.9236,39634.529,4326.111274,894516.0758
SBSZ04,Sembawang,Sembawang North,1030,260,12160,13650,27100,0,0,27100,26038.8084,48732.9057,5519.934845,1394865.684
SBSZ02,Sembawang,Sembawang Springs,0,0,0,0,0,2660,2020,4680,27076.8118,46959.0886,4212.042247,1099394.72
SBSZ06,Sembawang,Sembawang Straits,0,0,0,0,0,20,1730,1750,28352.4774,48918.2749,7217.388372,1540733.675
SESZ03,Sengkang,Sengkang Town Centre,170,790,21240,30850,53060,2200,240,55500,35163.812,41501.1418,5216.400502,1455507.859
SESZ07,Sengkang,Sengkang West,0,0,0,0,0,0,0,0,31319.9431,41936.6786,5991.020008,1670029.856
BPSZ01,Bukit Panjang,Senja,1750,580,9870,8640,20840,0,0,20840,19897.9466,40895.3637,3836.254229,624877.5001
TPSZ11,Toa Payoh,Sennett,0,0,0,0,0,260,4090,4350,32485.4898,35050.1965,3836.105793,867750.4373
SBSZ08,Sembawang,Senoko North,0,0,0,0,0,0,0,0,24665.7878,49482.5953,7392.128851,2241386.619
SBSZ09,Sembawang,Senoko South,0,0,0,0,0,0,0,0,25130.655,48346.0326,5262.562765,1741957.363
WDSZ08,Woodlands,Senoko West,0,0,0,0,0,0,0,0,23921.5512,48088.741,3966.740969,905921.1179
SISZ01,Southern Islands,Sentosa,0,0,0,0,0,1010,570,1580,27593.9393,25813.3546,17496.19374,4919132.37
SGSZ06,Serangoon,Serangoon Central,0,4220,11500,5170,20890,3840,1220,25950,32157.3746,37148.607,4784.623169,1061889.353
SGSZ04,Serangoon,Serangoon Garden,840,5060,10950,4300,21140,1960,14940,38040,31710.8227,38310.2243,6972.419094,3023148.981
SGSZ03,Serangoon,Serangoon North,0,0,6810,10220,17030,0,0,17030,32458.8031,39597.6401,3610.732408,684704.3005
SGSZ02,Serangoon,Serangoon North Ind Estate,0,0,0,0,0,0,0,0,31498.8784,39642.2223,4299.211199,921430.9488
AMSZ05,Ang Mo Kio,Shangri-La,3250,7290,5070,1640,17250,0,300,17550,28564.7156,38888.9209,4019.229526,687930.097
BLSZ04,Boon Lay,Shipyard,0,0,0,0,0,0,0,0,11970.1428,32202.3854,6422.042112,2118499.409
BDSZ07,Bedok,Siglap,0,0,0,0,0,6690,0,6690,38435.4679,32101.8812,5436.890533,1097833.703
TMSZ04,Tampines,Simei,0,190,12520,12380,25080,12440,4060,41580,41431.0631,35870.7852,7402.560779,2778635.655
SMSZ01,Simpang,Simpang North,0,0,0,0,0,0,0,0,29388.7139,47645.2768,9071.752449,3450455.359
SMSZ03,Simpang,Simpang South,0,0,0,0,0,0,0,0,30567.8998,46241.4969,7166.913662,2147082.067
BMSZ05,Bukit Merah,Singapore General Hospital,0,0,0,0,0,0,0,0,28147.221,29131.0368,2915.282048,533017.3907
QTSZ09,Queenstown,Singapore Polytechnic,0,0,0,0,0,0,0,0,21751.751,32627.8947,4666.970068,946651.4186
ORSZ03,Orchard,Somerset,0,0,0,0,0,0,0,0,28626.5611,31494.9048,3039.805232,329437.9332
SISZ02,Southern Islands,Southern Group,0,0,0,0,0,0,0,0,29815.09,23412.5866,25626.97719,2206319.456
YSSZ06,Yishun,Springleaf,0,0,0,0,0,90,3870,3960,26969.7232,42586.216,6912.80078,2209210.705
SVSZ01,Straits View,Straits View,0,0,0,0,0,0,0,0,30832.9017,28194.0843,5277.760827,1127297.237
WISZ03,Western Islands,Sudong,0,0,0,0,0,0,0,0,15931.7586,19579.069,24759.0658,4207271.094
RCSZ03,Rochor,Sungei Road,770,1110,400,40,2310,0,0,2310,30601.3445,32003.1028,1727.963503,116329.9966
CLSZ02,Clementi,Sunset Way,0,240,1230,2010,3480,1780,890,6150,20805.3131,34279.4521,4572.130496,964682.6793
BTSZ02,Bukit Timah,Swiss Club,0,0,0,0,0,2070,3460,5530,23436.2688,35866.3679,8976.744053,3467036.985
AMSZ08,Ang Mo Kio,Tagore,0,0,0,0,0,2620,5540,8160,27445.7713,40971.4244,8162.600174,3334192.442
HGSZ08,Hougang,Tai Seng,1490,580,4910,2420,9390,540,4110,14040,34043.0454,36213.0116,6396.628384,1796058.935
JWSZ04,Jurong West,Taman Jurong,1860,5180,12690,12170,31900,4610,730,37240,15522.0362,35189.1395,6583.694096,1484296.473
TMSZ02,Tampines,Tampines East,3750,24550,53750,49560,131610,5450,0,137060,41122.547,37392.389,10180.62409,4339824.136
TMSZ01,Tampines,Tampines North,0,0,0,0,0,0,0,0,39763.9423,38698.1692,7128.355391,2543106.634
TMSZ03,Tampines,Tampines West,1170,9780,35530,25070,71550,5910,0,77460,39421.6571,36739.2069,8058.33566,3475209.889
ORSZ01,Orchard,Tanglin,0,0,0,0,0,410,0,410,27162.8757,31905.7324,1864.488665,167537.0654
QTSZ04,Queenstown,Tanglin Halt,1730,7440,3110,590,12860,0,0,12860,23925.4408,31512.7857,3556.229094,503220.7514
SMSZ02,Simpang,Tanjong Irau,0,0,0,0,0,0,0,0,29959.6312,48428.1734,4322.195234,1074375.121
DTSZ09,Downtown Core,Tanjong Pagar,0,0,0,0,0,460,0,460,29397.831,28706.3515,1787.710451,145518.6639
KLSZ05,Kallang,Tanjong Rhu,560,2050,450,930,3990,7100,10,11100,32740.1208,31438.3084,6515.758575,2434594.029
JESZ08,Jurong East,Teban Gardens,210,5030,9340,5200,19780,0,0,19780,17965.7225,33016.3403,8204.29735,3187584.075
CKSZ01,Choa Chu Kang,Teck Whye,1950,4170,11480,8740,26340,230,0,26570,19269.9942,40394.105,4531.981456,1001591.786
BMSZ13,Bukit Merah,Telok Blangah Drive,1470,4670,5610,3790,15540,400,30,15970,25280.2612,28791.4606,5317.781684,1454827.646
BMSZ15,Bukit Merah,Telok Blangah Rise,970,4500,5830,1220,12520,740,180,13440,27029.9638,28501.6649,3713.838181,533671.2531
BMSZ14,Bukit Merah,Telok Blangah Way,2250,4890,1710,1580,10420,0,0,10420,26570.5173,28871.8922,2290.227262,276826.8125
THSZ01,Tengah,Tengah,0,0,0,0,0,0,0,0,16363.1893,38432.5474,12808.87653,7370557.682
TSSZ01,Tuas,Tengeh,0,0,0,0,0,0,0,0,7798.1677,35535.6127,9918.46418,2251155.704
SBSZ07,Sembawang,The Wharves,0,0,0,0,0,0,0,0,26945.068,49552.7904,11828.87772,1635808.129
BMSZ10,Bukit Merah,Tiong Bahru,340,3000,6410,2730,12470,240,10,12720,27785.672,29590.3951,3303.2149,448127.5844
BMSZ04,Bukit Merah,Tiong Bahru Station,1870,800,7460,4860,14990,1340,0,16330,27277.4698,29607.0237,2506.687919,350787.5614
TPSZ02,Toa Payoh,Toa Payoh Central,2880,5230,11670,8280,28060,2010,0,30070,29409.7438,34982.1962,5201.968752,1107267.036
TPSZ01,Toa Payoh,Toa Payoh West,230,7300,940,580,11900,870,0,12770,28943.1923,35787.3478,4516.839966,1037281.094
JESZ03,Jurong East,Toh Guan,0,660,5930,9580,16170,0,0,16170,18294.1774,35518.17,4462.314412,746882.3023
CLSZ01,Clementi,Toh Tuck,0,0,0,0,0,0,0,0,19433.1204,34884.2481,6119.883497,2077796.547
AMSZ04,Ang Mo Kio,Townsville,1570,7160,10380,4110,23220,0,0,23220,29686.468,38599.4995,3313.317413,546403.8635
HGSZ05,Hougang,Trafalgar,1790,890,17360,17160,37190,2910,1400,41500,33351.5218,40336.7975,6199.267491,1744387.407
TSSZ04,Tuas,Tuas Bay,0,0,0,0,0,0,0,0,6921.1588,33401.4189,10583.71113,3203306.037
TSSZ03,Tuas,Tuas North,0,0,0,0,0,0,0,0,7737.0329,34331.0851,7702.824948,3260150.857
TSSZ02,Tuas,Tuas Promenade,0,0,0,0,0,0,0,0,5918.9956,34910.5821,13318.7734,3188097.306
TSSZ05,Tuas,Tuas View,0,0,0,0,0,0,0,0,5753.6337,31501.4549,11013.62449,5675810.846
TSSZ06,Tuas,Tuas View Extension,0,0,0,0,0,0,0,0,5092.8949,26137.8735,54928.09387,27710950.08
BLSZ01,Boon Lay,Tukang,0,0,0,0,0,0,0,0,14192.4654,34209.5506,6899.999456,1881305.829
SKSZ02,Sungei Kadut,Turf Club,0,0,0,0,0,0,670,670,20234.6006,44507.1901,7665.676019,3291405.506
TNSZ04,Tanglin,Tyersall,0,40,210,250,490,2220,840,3550,25732.6536,32985.8494,6430.986147,2158289.716
BTSZ04,Bukit Timah,Ulu Pandan,0,0,0,0,0,7640,2980,10620,22210.5093,33177.2208,6626.667183,1228487.734
SGSZ07,Serangoon,Upper Paya Lebar,360,1620,5120,2700,9800,3190,2940,15930,32866.5229,36522.0741,4658.999428,898561.2996
BSSZ01,Bishan,Upper Thomson,860,3300,4290,4530,12980,9090,7840,29910,27884.6872,37749.3937,10082.0753,3860324.994
RCSZ10,Rochor,Victoria,0,1200,570,50,1810,160,0,1970,30189.2101,31335.7252,2093.770233,214250.2981
PGSZ05,Punggol,Waterway East,2940,3690,19930,7640,34200,1660,0,35860,37063.2238,42568.2237,5391.065107,1489246.883
JWSZ01,Jurong West,Wenya,0,0,3360,5220,8580,0,0,8580,13953.5271,37532.7209,5864.592818,1974943.245
CLSZ05,Clementi,West Coast,0,0,0,0,0,4040,1940,5980,19293.7625,33172.6228,3644.131828,722588.6837
WCSZ01,Western Water Catchment,Western Water Catchment,0,0,0,0,0,0,0,0,12020.342,40454.871,44305.66057,69748298.79
WDSZ05,Woodlands,Woodgrove,180,2050,13650,14250,30140,4850,600,35590,21905.2849,45668.0411,6284.599725,1665469.26
WDSZ03,Woodlands,Woodlands East,760,660,46650,42130,90200,4060,0,94260,24506.6375,46991.63,6603.608301,2553463.724
WDSZ01,Woodlands,Woodlands Regional Centre,0,0,0,0,0,0,0,0,22571.2094,46698.8735,3254.343275,595652.1439
WDSZ04,Woodlands,Woodlands South,1780,590,12820,18910,34100,2290,0,36390,23609.573,45692.8785,5211.384435,1576001.476
WDSZ06,Woodlands,Woodlands West,3740,8930,11060,8770,32500,0,0,32500,21582.5903,46573.0249,5929.644687,1648629.909
TPSZ08,Toa Payoh,Woodleigh,0,0,0,0,0,2080,260,2340,31670.4785,35799.9019,3778.890574,813382.9814
TMSZ05,Tampines,Xilin,0,0,0,0,0,1330,470,1800,43110.6141,34607.3132,12926.04699,7833992.845
CKSZ06,Choa Chu Kang,Yew Tee,0,0,16680,21660,38340,4790,0,43130,18498.1139,42506.0743,3715.39423,923214.7487
AMSZ10,Ang Mo Kio,Yio Chu Kang,0,0,0,0,0,0,0,0,29443.7447,40836.0207,4533.218364,909418.5677
AMSZ12,Ang Mo Kio,Yio Chu Kang East,0,0,0,0,0,1620,2300,3920,30234.3682,40602.6508,5592.191081,1861872.042
AMSZ11,Ang Mo Kio,Yio Chu Kang North,0,0,0,0,0,0,0,0,29505.9877,41733.4401,6445.242982,1463278.179
AMSZ09,Ang Mo Kio,Yio Chu Kang West,3190,8020,5440,3350,20000,5750,460,26210,28750.4979,40360.6262,3707.005727,846137.1973
YSSZ01,Yishun,Yishun Central,0,0,800,650,1460,0,0,1460,28483.0705,45383.3344,2549.643182,436368.5338
YSSZ03,Yishun,Yishun East,2760,6770,31950,13080,54570,2170,0,56740,29476.5995,45515.7196,5945.704099,1767092.896
YSSZ04,Yishun,Yishun South,0,3650,19250,12520,35420,2520,0,37940,28500.5467,44471.6735,5781.588051,1340167.988
YSSZ09,Yishun,Yishun West,1480,20070,24720,6390,52660,5550,0,58210,27743.2668,45873.6006,5318.579266,1517767.389
JESZ02,Jurong East,Yuhua East,0,8780,7400,7730,23920,2820,0,26740,17485.1754,35841.78,4018.421017,924762.4774
JESZ01,Jurong East,Yuhua West,1930,4070,5510,5930,17450,3040,0,20490,16721.2525,36571.2646,3817.521072,776142.4925
JWSZ08,Jurong West,Yunnan,220,2420,33250,27890,63780,2400,3730,69910,12593.1412,36299.9335,7192.208675,2206305.009
